codigo_subclasse,descricao,codigo_classe,codigo_grupo,codigo_divisao,secao,versao_cnae
0111-3/01,Cultivo de arroz,01.11-3,01.1,01,A,2.3
0111-3/02,Cultivo de milho,01.11-3,01.1,01,A,2.3
0111-3/03,Cultivo de trigo,01.11-3,01.1,01,A,2.3
0111-3/99,Cultivo de outros cereais não especificados anteriormente,01.11-3,01.1,01,A,2.3
0112-1/01,Cultivo de algodão herbáceo,01.12-1,01.1,01,A,2.3
0112-1/02,Cultivo de juta,01.12-1,01.1,01,A,2.3
0112-1/99,Cultivo de outras fibras de lavoura temporária não especificadas anteriormente,01.12-1,01.1,01,A,2.3
0113-0/00,Cultivo de cana-de-açúcar,01.13-0,01.1,01,A,2.3
0114-8/00,Cultivo de fumo,01.14-8,01.1,01,A,2.3
0115-6/00,Cultivo de soja,01.15-6,01.1,01,A,2.3
0116-4/01,Cultivo de amendoim,01.16-4,01.1,01,A,2.3
0116-4/02,Cultivo de girassol,01.16-4,01.1,01,A,2.3
0116-4/03,Cultivo de mamona,01.16-4,01.1,01,A,2.3
0116-4/99,Cultivo de outras oleaginosas de lavoura temporária não especificadas anteriormente,01.16-4,01.1,01,A,2.3
0119-9/01,Cultivo de abacaxi,01.19-9,01.1,01,A,2.3
0119-9/02,Cultivo de alho,01.19-9,01.1,01,A,2.3
0119-9/03,Cultivo de batata-inglesa,01.19-9,01.1,01,A,2.3
0119-9/04,Cultivo de cebola,01.19-9,01.1,01,A,2.3
0119-9/05,Cultivo de feijão,01.19-9,01.1,01,A,2.3
0119-9/06,Cultivo de mandioca,01.19-9,01.1,01,A,2.3
0119-9/07,Cultivo de melão,01.19-9,01.1,01,A,2.3
0119-9/08,Cultivo de melancia,01.19-9,01.1,01,A,2.3
0119-9/09,Cultivo de tomate rasteiro,01.19-9,01.1,01,A,2.3
0119-9/99,Cultivo de outras plantas de lavoura temporária não especificadas anteriormente,01.19-9,01.1,01,A,2.3
0121-1/01,"Horticultura, exceto morango",01.21-1,01.2,01,A,2.3
0121-1/02,Cultivo de morango,01.21-1,01.2,01,A,2.3
0122-9/00,Cultivo de flores e plantas ornamentais,01.22-9,01.2,01,A,2.3
0131-8/00,Cultivo de laranja,01.31-8,01.3,01,A,2.3
0132-6/00,Cultivo de uva,01.32-6,01.3,01,A,2.3
0133-4/01,Cultivo de açaí,01.33-4,01.3,01,A,2.3
0133-4/02,Cultivo de banana,01.33-4,01.3,01,A,2.3
0133-4/03,Cultivo de caju,01.33-4,01.3,01,A,2.3
0133-4/04,"Cultivo de cítricos, exceto laranja",01.33-4,01.3,01,A,2.3
0133-4/05,Cultivo de coco-da-baía,01.33-4,01.3,01,A,2.3
0133-4/06,Cultivo de guaraná,01.33-4,01.3,01,A,2.3
0133-4/07,Cultivo de maçã,01.33-4,01.3,01,A,2.3
0133-4/08,Cultivo de mamão,01.33-4,01.3,01,A,2.3
0133-4/09,Cultivo de maracujá,01.33-4,01.3,01,A,2.3
0133-4/10,Cultivo de manga,01.33-4,01.3,01,A,2.3
0133-4/11,Cultivo de pêssego,01.33-4,01.3,01,A,2.3
0133-4/99,Cultivo de frutas de lavoura permanente não especificadas anteriormente,01.33-4,01.3,01,A,2.3
0134-2/00,Cultivo de café,01.34-2,01.3,01,A,2.3
0135-1/00,Cultivo de cacau,01.35-1,01.3,01,A,2.3
0139-3/01,Cultivo de chá-da-índia,01.39-3,01.3,01,A,2.3
0139-3/02,Cultivo de erva-mate,01.39-3,01.3,01,A,2.3
0139-3/03,Cultivo de pimenta-do-reino,01.39-3,01.3,01,A,2.3
0139-3/04,"Cultivo de plantas para condimento, exceto pimenta-do-reino",01.39-3,01.3,01,A,2.3
0139-3/05,Cultivo de dendê,01.39-3,01.3,01,A,2.3
0139-3/06,Cultivo de seringueira,01.39-3,01.3,01,A,2.3
0139-3/99,Cultivo de outras plantas de lavoura permanente não especificadas anteriormente,01.39-3,01.3,01,A,2.3
0141-5/01,"Produção de sementes certificadas, exceto de forrageiras para pasto",01.41-5,01.4,01,A,2.3
0141-5/02,Produção de sementes certificadas de forrageiras para formação de pasto,01.41-5,01.4,01,A,2.3
0142-3/00,"Produção de mudas e outras formas de propagação vegetal, certificadas",01.42-3,01.4,01,A,2.3
0151-2/01,Criação de bovinos para corte,01.51-2,01.5,01,A,2.3
0151-2/02,Criação de bovinos para leite,01.51-2,01.5,01,A,2.3
0151-2/03,"Criação de bovinos, exceto para corte e leite",01.51-2,01.5,01,A,2.3
0152-1/01,Criação de bufalinos,01.52-1,01.5,01,A,2.3
0152-1/02,Criação de equinos,01.52-1,01.5,01,A,2.3
0152-1/03,Criação de asininos e muares,01.52-1,01.5,01,A,2.3
0153-9/01,Criação de caprinos,01.53-9,01.5,01,A,2.3
0153-9/02,"Criação de ovinos, inclusive para produção de lã",01.53-9,01.5,01,A,2.3
0154-7/00,Criação de suínos,01.54-7,01.5,01,A,2.3
0155-5/01,Criação de frangos para corte,01.55-5,01.5,01,A,2.3
0155-5/02,Produção de pintos de um dia,01.55-5,01.5,01,A,2.3
0155-5/03,"Criação de outros galináceos, exceto para corte",01.55-5,01.5,01,A,2.3
0155-5/04,"Criação de aves, exceto galináceos",01.55-5,01.5,01,A,2.3
0155-5/05,Produção de ovos,01.55-5,01.5,01,A,2.3
0159-8/01,Apicultura,01.59-8,01.5,01,A,2.3
0159-8/02,Criação de animais de estimação,01.59-8,01.5,01,A,2.3
0159-8/03,Criação de escargô,01.59-8,01.5,01,A,2.3
0159-8/04,Criação de bicho-da-seda,01.59-8,01.5,01,A,2.3
0159-8/99,Criação de outros animais não especificados anteriormente,01.59-8,01.5,01,A,2.3
0161-0/01,Serviço de pulverização e controle de pragas agrícolas,01.61-0,01.6,01,A,2.3
0161-0/02,Serviço de poda de árvores para lavouras,01.61-0,01.6,01,A,2.3
0161-0/03,"Serviço de preparação de terreno, cultivo e colheita",01.61-0,01.6,01,A,2.3
0161-0/99,Atividades de apoio à agricultura não especificadas anteriormente,01.61-0,01.6,01,A,2.3
0162-8/01,Serviço de inseminação artificial em animais,01.62-8,01.6,01,A,2.3
0162-8/02,Serviço de tosquiamento de ovinos,01.62-8,01.6,01,A,2.3
0162-8/03,Serviço de manejo de animais,01.62-8,01.6,01,A,2.3
0162-8/99,Atividades de apoio à pecuária não especificadas anteriormente,01.62-8,01.6,01,A,2.3
0163-6/00,Atividades de pós-colheita,01.63-6,01.6,01,A,2.3
0170-9/00,Caça e serviços relacionados,01.70-9,01.7,01,A,2.3
0210-1/01,Cultivo de eucalipto,02.10-1,02.1,02,A,2.3
0210-1/02,Cultivo de acácia-negra,02.10-1,02.1,02,A,2.3
0210-1/03,Cultivo de pinus,02.10-1,02.1,02,A,2.3
0210-1/04,Cultivo de teca,02.10-1,02.1,02,A,2.3
0210-1/05,"Cultivo de espécies madeireiras, exceto eucalipto, acácia-negra, pinus e teca",02.10-1,02.1,02,A,2.3
0210-1/06,Cultivo de mudas em viveiros florestais,02.10-1,02.1,02,A,2.3
0210-1/07,Extração de madeira em florestas plantadas,02.10-1,02.1,02,A,2.3
0210-1/08,Produção de carvão vegetal - florestas plantadas,02.10-1,02.1,02,A,2.3
0210-1/09,Produção de casca de acácia-negra - florestas plantadas,02.10-1,02.1,02,A,2.3
0210-1/99,Produção de produtos não madeireiros não especificados anteriormente em florestas plantadas,02.10-1,02.1,02,A,2.3
0220-9/01,Extração de madeira em florestas nativas,02.20-9,02.2,02,A,2.3
0220-9/02,Produção de carvão vegetal - florestas nativas,02.20-9,02.2,02,A,2.3
0220-9/03,Coleta de castanha-do-pará em florestas nativas,02.20-9,02.2,02,A,2.3
0220-9/04,Coleta de látex em florestas nativas,02.20-9,02.2,02,A,2.3
0220-9/05,Coleta de palmito em florestas nativas,02.20-9,02.2,02,A,2.3
0220-9/06,Conservação de florestas nativas,02.20-9,02.2,02,A,2.3
0220-9/99,Coleta de produtos não madeireiros não especificados anteriormente em florestas nativas,02.20-9,02.2,02,A,2.3
0230-6/00,Atividades de apoio à produção florestal,02.30-6,02.3,02,A,2.3
0311-6/01,Pesca de peixes em água salgada,03.11-6,03.1,03,A,2.3
0311-6/02,Pesca de crustáceos e moluscos em água salgada,03.11-6,03.1,03,A,2.3
0311-6/03,Coleta de outros produtos marinhos,03.11-6,03.1,03,A,2.3
0311-6/04,Atividades de apoio à pesca em água salgada,03.11-6,03.1,03,A,2.3
0312-4/01,Pesca de peixes em água doce,03.12-4,03.1,03,A,2.3
0312-4/02,Pesca de crustáceos e moluscos em água doce,03.12-4,03.1,03,A,2.3
0312-4/03,Coleta de outros produtos aquáticos de água doce,03.12-4,03.1,03,A,2.3
0312-4/04,Atividades de apoio à pesca em água doce,03.12-4,03.1,03,A,2.3
0321-3/01,Criação de peixes em água salgada e salobra,03.21-3,03.2,03,A,2.3
0321-3/02,Criação de camarões em água salgada e salobra,03.21-3,03.2,03,A,2.3
0321-3/03,Criação de ostras e mexilhões em água salgada e salobra,03.21-3,03.2,03,A,2.3
0321-3/04,Criação de peixes ornamentais em água salgada e salobra,03.21-3,03.2,03,A,2.3
0321-3/05,Atividades de apoio à aquicultura em água salgada e salobra,03.21-3,03.2,03,A,2.3
0321-3/99,Cultivos e semicultivos da aquicultura em água salgada e salobra não especificados anteriormente,03.21-3,03.2,03,A,2.3
0322-1/01,Criação de peixes em água doce,03.22-1,03.2,03,A,2.3
0322-1/02,Criação de camarões em água doce,03.22-1,03.2,03,A,2.3
0322-1/03,Criação de ostras e mexilhões em água doce,03.22-1,03.2,03,A,2.3
0322-1/04,Criação de peixes ornamentais em água doce,03.22-1,03.2,03,A,2.3
0322-1/05,Ranicultura,03.22-1,03.2,03,A,2.3
0322-1/06,Criação de jacaré,03.22-1,03.2,03,A,2.3
0322-1/07,Atividades de apoio à aquicultura em água doce,03.22-1,03.2,03,A,2.3
0322-1/99,Cultivos e semicultivos da aquicultura em água doce não especificados anteriormente,03.22-1,03.2,03,A,2.3
0500-3/01,Extração de carvão mineral,05.00-3,05.0,05,B,2.3
0500-3/02,Beneficiamento de carvão mineral,05.00-3,05.0,05,B,2.3
0600-0/01,Extração de petróleo e gás natural,06.00-0,06.0,06,B,2.3
0600-0/02,Extração e beneficiamento de xisto,06.00-0,06.0,06,B,2.3
0600-0/03,Extração e beneficiamento de areias betuminosas,06.00-0,06.0,06,B,2.3
0710-3/01,Extração de minério de ferro,07.10-3,07.1,07,B,2.3
0710-3/02,"Pelotização, sinterização e outros beneficiamentos de minério de ferro",07.10-3,07.1,07,B,2.3
0721-9/01,Extração de minério de alumínio,07.21-9,07.2,07,B,2.3
0721-9/02,Beneficiamento de minério de alumínio,07.21-9,07.2,07,B,2.3
0722-7/01,Extração de minério de estanho,07.22-7,07.2,07,B,2.3
0722-7/02,Beneficiamento de minério de estanho,07.22-7,07.2,07,B,2.3
0723-5/01,Extração de minério de manganês,07.23-5,07.2,07,B,2.3
0723-5/02,Beneficiamento de minério de manganês,07.23-5,07.2,07,B,2.3
0724-3/01,Extração de minério de metais preciosos,07.24-3,07.2,07,B,2.3
0724-3/02,Beneficiamento de minério de metais preciosos,07.24-3,07.2,07,B,2.3
0725-1/00,Extração de minerais radioativos,07.25-1,07.2,07,B,2.3
0729-4/01,Extração de minérios de nióbio e titânio,07.29-4,07.2,07,B,2.3
0729-4/02,Extração de minério de tungstênio,07.29-4,07.2,07,B,2.3
0729-4/03,Extração de minério de níquel,07.29-4,07.2,07,B,2.3
0729-4/04,"Extração de minérios de cobre, chumbo, zinco e outros minerais metálicos não ferrosos não especificados anteriormente",07.29-4,07.2,07,B,2.3
0729-4/05,"Beneficiamento de minérios de cobre, chumbo, zinco e outros minerais metálicos não ferrosos não especificados anteriormente",07.29-4,07.2,07,B,2.3
0810-0/01,Extração de ardósia e beneficiamento associado,08.10-0,08.1,08,B,2.3
0810-0/02,Extração de granito e beneficiamento associado,08.10-0,08.1,08,B,2.3
0810-0/03,Extração de mármore e beneficiamento associado,08.10-0,08.1,08,B,2.3
0810-0/04,Extração de calcário e dolomita e beneficiamento associado,08.10-0,08.1,08,B,2.3
0810-0/05,Extração de gesso e caulim,08.10-0,08.1,08,B,2.3
0810-0/06,"Extração de areia, cascalho ou pedregulho e beneficiamento associado",08.10-0,08.1,08,B,2.3
0810-0/07,Extração de argila e beneficiamento associado,08.10-0,08.1,08,B,2.3
0810-0/08,Extração de saibro e beneficiamento associado,08.10-0,08.1,08,B,2.3
0810-0/09,Extração de basalto e beneficiamento associado,08.10-0,08.1,08,B,2.3
0810-0/10,Beneficiamento de gesso e caulim associado à extração,08.10-0,08.1,08,B,2.3
0810-0/99,Extração e britamento de pedras e outros materiais para construção e beneficiamento associado,08.10-0,08.1,08,B,2.3
0891-6/00,"Extração de minerais para fabricação de adubos, fertilizantes e outros produtos químicos",08.91-6,08.9,08,B,2.3
0892-4/01,Extração de sal marinho,08.92-4,08.9,08,B,2.3
0892-4/02,Extração de sal-gema,08.92-4,08.9,08,B,2.3
0892-4/03,Refino e outros tratamentos do sal,08.92-4,08.9,08,B,2.3
0893-2/00,Extração de gemas (pedras preciosas e semipreciosas),08.93-2,08.9,08,B,2.3
0899-1/01,Extração de grafita,08.99-1,08.9,08,B,2.3
0899-1/02,Extração de quartzo,08.99-1,08.9,08,B,2.3
0899-1/03,Extração de amianto,08.99-1,08.9,08,B,2.3
0899-1/99,Extração de outros minerais não metálicos não especificados anteriormente,08.99-1,08.9,08,B,2.3
0910-6/00,Atividades de apoio à extração de petróleo e gás natural,09.10-6,09.1,09,B,2.3
0990-4/01,Atividades de apoio à extração de minério de ferro,09.90-4,09.9,09,B,2.3
0990-4/02,Atividades de apoio à extração de minerais metálicos não ferrosos,09.90-4,09.9,09,B,2.3
0990-4/03,Atividades de apoio à extração de minerais não metálicos,09.90-4,09.9,09,B,2.3
1011-2/01,Frigorífico - abate de bovinos,10.11-2,10.1,10,C,2.3
1011-2/02,Frigorífico - abate de equinos,10.11-2,10.1,10,C,2.3
1011-2/03,Frigorífico - abate de ovinos e caprinos,10.11-2,10.1,10,C,2.3
1011-2/04,Frigorífico - abate de bufalinos,10.11-2,10.1,10,C,2.3
1011-2/05,"Matadouro - abate de reses sob contrato, exceto abate de suínos",10.11-2,10.1,10,C,2.3
1012-1/01,Abate de aves,10.12-1,10.1,10,C,2.3
1012-1/02,Abate de pequenos animais,10.12-1,10.1,10,C,2.3
1012-1/03,Frigorífico - abate de suínos,10.12-1,10.1,10,C,2.3
1012-1/04,Matadouro - abate de suínos sob contrato,10.12-1,10.1,10,C,2.3
1013-9/01,Fabricação de produtos de carne,10.13-9,10.1,10,C,2.3
1013-9/02,Preparação de subprodutos do abate,10.13-9,10.1,10,C,2.3
1020-1/01,"Preservação de peixes, crustáceos e moluscos",10.20-1,10.2,10,C,2.3
1020-1/02,"Fabricação de conservas de peixes, crustáceos e moluscos",10.20-1,10.2,10,C,2.3
1031-7/00,Fabricação de conservas de frutas,10.31-7,10.3,10,C,2.3
1032-5/01,Fabricação de conservas de palmito,10.32-5,10.3,10,C,2.3
1032-5/99,"Fabricação de conservas de legumes e outros vegetais, exceto palmito",10.32-5,10.3,10,C,2.3
1033-3/01,"Fabricação de sucos concentrados de frutas, hortaliças e legumes",10.33-3,10.3,10,C,2.3
1033-3/02,"Fabricação de sucos de frutas, hortaliças e legumes, exceto concentrados",10.33-3,10.3,10,C,2.3
1041-4/00,"Fabricação de óleos vegetais em bruto, exceto óleo de milho",10.41-4,10.4,10,C,2.3
1042-2/00,"Fabricação de óleos vegetais refinados, exceto óleo de milho",10.42-2,10.4,10,C,2.3
1043-1/00,Fabricação de margarina e outras gorduras vegetais e de óleos não comestíveis de animais,10.43-1,10.4,10,C,2.3
1051-1/00,Preparação do leite,10.51-1,10.5,10,C,2.3
1052-0/00,Fabricação de laticínios,10.52-0,10.5,10,C,2.3
1053-8/00,Fabricação de sorvetes e outros gelados comestíveis,10.53-8,10.5,10,C,2.3
1061-9/01,Beneficiamento de arroz,10.61-9,10.6,10,C,2.3
1061-9/02,Fabricação de produtos do arroz,10.61-9,10.6,10,C,2.3
1062-7/00,Moagem de trigo e fabricação de derivados,10.62-7,10.6,10,C,2.3
1063-5/00,Fabricação de farinha de mandioca e derivados,10.63-5,10.6,10,C,2.3
1064-3/00,"Fabricação de farinha de milho e derivados, exceto óleos de milho",10.64-3,10.6,10,C,2.3
1065-1/01,Fabricação de amidos e féculas de vegetais,10.65-1,10.6,10,C,2.3
1065-1/02,Fabricação de óleo de milho em bruto,10.65-1,10.6,10,C,2.3
1065-1/03,Fabricação de óleo de milho refinado,10.65-1,10.6,10,C,2.3
1066-0/00,Fabricação de alimentos para animais,10.66-0,10.6,10,C,2.3
1069-4/00,Moagem e fabricação de produtos de origem vegetal não especificados anteriormente,10.69-4,10.6,10,C,2.3
1071-6/00,Fabricação de açúcar em bruto,10.71-6,10.7,10,C,2.3
1072-4/01,Fabricação de açúcar de cana refinado,10.72-4,10.7,10,C,2.3
1072-4/02,Fabricação de açúcar de cereais (dextrose) e de beterraba,10.72-4,10.7,10,C,2.3
1081-3/01,Beneficiamento de café,10.81-3,10.8,10,C,2.3
1081-3/02,Torrefação e moagem de café,10.81-3,10.8,10,C,2.3
1082-1/00,Fabricação de produtos à base de café,10.82-1,10.8,10,C,2.3
1091-1/01,Fabricação de produtos de panificação industrial,10.91-1,10.9,10,C,2.3
1091-1/02,Fabricação de produtos de padaria e confeitaria com predominância de produção própria,10.91-1,10.9,10,C,2.3
1092-9/00,Fabricação de biscoitos e bolachas,10.92-9,10.9,10,C,2.3
1093-7/01,Fabricação de produtos derivados do cacau e de chocolates,10.93-7,10.9,10,C,2.3
1093-7/02,"Fabricação de frutas cristalizadas, balas e semelhantes",10.93-7,10.9,10,C,2.3
1094-5/00,Fabricação de massas alimentícias,10.94-5,10.9,10,C,2.3
1095-3/00,"Fabricação de especiarias, molhos, temperos e condimentos",10.95-3,10.9,10,C,2.3
1096-1/00,Fabricação de alimentos e pratos prontos,10.96-1,10.9,10,C,2.3
1099-6/01,Fabricação de vinagres,10.99-6,10.9,10,C,2.3
1099-6/02,Fabricação de pós-alimentícios,10.99-6,10.9,10,C,2.3
1099-6/03,Fabricação de fermentos e leveduras,10.99-6,10.9,10,C,2.3
1099-6/04,Fabricação de gelo comum,10.99-6,10.9,10,C,2.3
1099-6/05,"Fabricação de produtos para infusão (chá, mate, etc.)",10.99-6,10.9,10,C,2.3
1099-6/06,Fabricação de adoçantes naturais e artificiais,10.99-6,10.9,10,C,2.3
1099-6/07,Fabricação de alimentos dietéticos e complementos alimentares,10.99-6,10.9,10,C,2.3
1099-6/99,Fabricação de outros produtos alimentícios não especificados anteriormente,10.99-6,10.9,10,C,2.3
1111-9/01,Fabricação de aguardente de cana-de-açúcar,11.11-9,11.1,11,C,2.3
1111-9/02,Fabricação de outras aguardentes e bebidas destiladas,11.11-9,11.1,11,C,2.3
1112-7/00,Fabricação de vinho,11.12-7,11.1,11,C,2.3
1113-5/01,"Fabricação de malte, inclusive malte uísque",11.13-5,11.1,11,C,2.3
1113-5/02,Fabricação de cervejas e chopes,11.13-5,11.1,11,C,2.3
1121-6/00,Fabricação de águas envasadas,11.21-6,11.2,11,C,2.3
1122-4/01,Fabricação de refrigerantes,11.22-4,11.2,11,C,2.3
1122-4/02,Fabricação de chá mate e outros chás prontos para consumo,11.22-4,11.2,11,C,2.3
1122-4/03,"Fabricação de refrescos, xaropes e pós para refrescos, exceto refrescos de frutas",11.22-4,11.2,11,C,2.3
1122-4/04,Fabricação de bebidas isotônicas,11.22-4,11.2,11,C,2.3
1122-4/99,Fabricação de outras bebidas não alcoólicas não especificadas anteriormente,11.22-4,11.2,11,C,2.3
1210-7/00,Processamento industrial do fumo,12.10-7,12.1,12,C,2.3
1220-4/01,Fabricação de cigarros,12.20-4,12.2,12,C,2.3
1220-4/02,Fabricação de cigarrilhas e charutos,12.20-4,12.2,12,C,2.3
1220-4/03,Fabricação de filtros para cigarros,12.20-4,12.2,12,C,2.3
1220-4/99,"Fabricação de outros produtos do fumo, exceto cigarros, cigarrilhas e charutos",12.20-4,12.2,12,C,2.3
1311-1/00,Preparação e fiação de fibras de algodão,13.11-1,13.1,13,C,2.3
1312-0/00,"Preparação e fiação de fibras têxteis naturais, exceto algodão",13.12-0,13.1,13,C,2.3
1313-8/00,Fiação de fibras artificiais e sintéticas,13.13-8,13.1,13,C,2.3
1314-6/00,Fabricação de linhas para costurar e bordar,13.14-6,13.1,13,C,2.3
1321-9/00,Tecelagem de fios de algodão,13.21-9,13.2,13,C,2.3
1322-7/00,"Tecelagem de fios de fibras têxteis naturais, exceto algodão",13.22-7,13.2,13,C,2.3
1323-5/00,Tecelagem de fios de fibras artificiais e sintéticas,13.23-5,13.2,13,C,2.3
1330-8/00,Fabricação de tecidos de malha,13.30-8,13.3,13,C,2.3
1340-5/01,"Estamparia e texturização em fios, tecidos, artefatos têxteis e peças do vestuário",13.40-5,13.4,13,C,2.3
1340-5/02,"Alvejamento, tingimento e torção em fios, tecidos, artefatos têxteis e peças do vestuário",13.40-5,13.4,13,C,2.3
1340-5/99,"Outros serviços de acabamento em fios, tecidos, artefatos têxteis e peças do vestuário",13.40-5,13.4,13,C,2.3
1351-1/00,Fabricação de artefatos têxteis para uso doméstico,13.51-1,13.5,13,C,2.3
1352-9/00,Fabricação de artefatos de tapeçaria,13.52-9,13.5,13,C,2.3
1353-7/00,Fabricação de artefatos de cordoaria,13.53-7,13.5,13,C,2.3
1354-5/00,"Fabricação de tecidos especiais, inclusive artefatos",13.54-5,13.5,13,C,2.3
1359-6/00,Fabricação de outros produtos têxteis não especificados anteriormente,13.59-6,13.5,13,C,2.3
1411-8/01,Confecção de roupas íntimas,14.11-8,14.1,14,C,2.3
1411-8/02,Facção de roupas íntimas,14.11-8,14.1,14,C,2.3
1412-6/01,"Confecção de peças do vestuário, exceto roupas íntimas e as confeccionadas sob medida",14.12-6,14.1,14,C,2.3
1412-6/02,"Confecção, sob medida, de peças do vestuário, exceto roupas íntimas",14.12-6,14.1,14,C,2.3
1412-6/03,"Facção de peças do vestuário, exceto roupas íntimas",14.12-6,14.1,14,C,2.3
1413-4/01,"Confecção de roupas profissionais, exceto sob medida",14.13-4,14.1,14,C,2.3
1413-4/02,"Confecção, sob medida, de roupas profissionais",14.13-4,14.1,14,C,2.3
1413-4/03,Facção de roupas profissionais,14.13-4,14.1,14,C,2.3
1414-2/00,"Fabricação de acessórios do vestuário, exceto para segurança e proteção",14.14-2,14.1,14,C,2.3
1421-5/00,Fabricação de meias,14.21-5,14.2,14,C,2.3
1422-3/00,"Fabricação de artigos do vestuário, produzidos em malharias e tricotagens, exceto meias",14.22-3,14.2,14,C,2.3
1510-6/00,Curtimento e outras preparações de couro,15.10-6,15.1,15,C,2.3
1521-1/00,"Fabricação de artigos para viagem, bolsas e semelhantes de qualquer material",15.21-1,15.2,15,C,2.3
1529-7/00,Fabricação de artefatos de couro não especificados anteriormente,15.29-7,15.2,15,C,2.3
1531-9/01,Fabricação de calçados de couro,15.31-9,15.3,15,C,2.3
1531-9/02,Acabamento de calçados de couro sob contrato,15.31-9,15.3,15,C,2.3
1532-7/00,Fabricação de tênis de qualquer material,15.32-7,15.3,15,C,2.3
1533-5/00,Fabricação de calçados de material sintético,15.33-5,15.3,15,C,2.3
1539-4/00,"Fabricação de calçados de materiais não especificados
anteriormente",15.39-4,15.3,15,C,2.3
1540-8/00,"Fabricação de partes para calçados, de qualquer material",15.40-8,15.4,15,C,2.3
1610-2/03,Serrarias com desdobramento de madeira em bruto,16.10-2,16.1,16,C,2.3
1610-2/04,Serrarias sem desdobramento de madeira em bruto - Resseragem,16.10-2,16.1,16,C,2.3
1610-2/05,Serviço de tratamento de madeira realizado sob contrato,16.10-2,16.1,16,C,2.3
1621-8/00,"Fabricação de madeira laminada e de chapas de madeira compensada, prensada e aglomerada",16.21-8,16.2,16,C,2.3
1622-6/01,Fabricação de casas de madeira pré-fabricadas,16.22-6,16.2,16,C,2.3
1622-6/02,Fabricação de esquadrias de madeira e de peças de madeira para instalações industriais e comerciais,16.22-6,16.2,16,C,2.3
1622-6/99,Fabricação de outros artigos de carpintaria para construção,16.22-6,16.2,16,C,2.3
1623-4/00,Fabricação de artefatos de tanoaria e de embalagens de madeira,16.23-4,16.2,16,C,2.3
1629-3/01,"Fabricação de artefatos diversos de madeira, exceto móveis",16.29-3,16.2,16,C,2.3
1629-3/02,"Fabricação de artefatos diversos de cortiça, bambu, palha, vime e outros materiais trançados, exceto móveis",16.29-3,16.2,16,C,2.3
1710-9/00,Fabricação de celulose e outras pastas para a fabricação de papel,17.10-9,17.1,17,C,2.3
1721-4/00,Fabricação de papel,17.21-4,17.2,17,C,2.3
1722-2/00,Fabricação de cartolina e papel-cartão,17.22-2,17.2,17,C,2.3
1731-1/00,Fabricação de embalagens de papel,17.31-1,17.3,17,C,2.3
1732-0/00,Fabricação de embalagens de cartolina e papel-cartão,17.32-0,17.3,17,C,2.3
1733-8/00,Fabricação de chapas e de embalagens de papelão ondulado,17.33-8,17.3,17,C,2.3
1741-9/01,Fabricação de formulários contínuos,17.41-9,17.4,17,C,2.3
1741-9/02,"Fabricação de produtos de papel, cartolina, papel-cartão e papelão ondulado para uso comercial e de escritório",17.41-9,17.4,17,C,2.3
1742-7/01,Fabricação de fraldas descartáveis,17.42-7,17.4,17,C,2.3
1742-7/02,Fabricação de absorventes higiênicos,17.42-7,17.4,17,C,2.3
1742-7/99,Fabricação de produtos de papel para uso doméstico e higiênico-sanitário não especificados anteriormente,17.42-7,17.4,17,C,2.3
1749-4/00,"Fabricação de produtos de pastas celulósicas, papel, cartolina, papel-cartão e papelão ondulado não especificados anteriormente",17.49-4,17.4,17,C,2.3
1811-3/01,Impressão de jornais,18.11-3,18.1,18,C,2.3
1811-3/02,"Impressão de livros, revistas e outras publicações periódicas",18.11-3,18.1,18,C,2.3
1812-1/00,Impressão de material de segurança,18.12-1,18.1,18,C,2.3
1813-0/01,Impressão de material para uso publicitário,18.13-0,18.1,18,C,2.3
1813-0/99,Impressão de material para outros usos,18.13-0,18.1,18,C,2.3
1821-1/00,Serviços de pré-impressão,18.21-1,18.2,18,C,2.3
1822-9/01,Serviços de encadernação e plastificação,18.22-9,18.2,18,C,2.3
1822-9/99,"Serviços de acabamentos gráficos, exceto encadernação e plastificação",18.22-9,18.2,18,C,2.3
1830-0/01,Reprodução de som em qualquer suporte,18.30-0,18.3,18,C,2.3
1830-0/02,Reprodução de vídeo em qualquer suporte,18.30-0,18.3,18,C,2.3
1830-0/03,Reprodução de software em qualquer suporte,18.30-0,18.3,18,C,2.3
1910-1/00,Coquerias,19.10-1,19.1,19,C,2.3
1921-7/00,Fabricação de produtos do refino de petróleo,19.21-7,19.2,19,C,2.3
1922-5/01,Formulação de combustíveis,19.22-5,19.2,19,C,2.3
1922-5/02,Rerrefino de óleos lubrificantes,19.22-5,19.2,19,C,2.3
1922-5/99,"Fabricação de outros produtos derivados do petróleo, exceto produtos do refino",19.22-5,19.2,19,C,2.3
1931-4/00,Fabricação de álcool,19.31-4,19.3,19,C,2.3
1932-2/00,"Fabricação de biocombustíveis, exceto álcool",19.32-2,19.3,19,C,2.3
2011-8/00,Fabricação de cloro e álcalis,20.11-8,20.1,20,C,2.3
2012-6/00,Fabricação de intermediários para fertilizantes,20.12-6,20.1,20,C,2.3
2013-4/01,Fabricação de adubos e fertilizantes organo-minerais,20.13-4,20.1,20,C,2.3
2013-4/02,"Fabricação de adubos e fertilizantes, exceto organo-minerais",20.13-4,20.1,20,C,2.3
2014-2/00,Fabricação de gases industriais,20.14-2,20.1,20,C,2.3
2019-3/01,Elaboração de combustíveis nucleares,20.19-3,20.1,20,C,2.3
2019-3/99,Fabricação de outros produtos químicos inorgânicos não especificados anteriormente,20.19-3,20.1,20,C,2.3
2021-5/00,Fabricação de produtos petroquímicos básicos,20.21-5,20.2,20,C,2.3
2022-3/00,"Fabricação de intermediários para plastificantes, resinas e fibras",20.22-3,20.2,20,C,2.3
2029-1/00,Fabricação de produtos químicos orgânicos não especificados anteriormente,20.29-1,20.2,20,C,2.3
2031-2/00,Fabricação de resinas termoplásticas,20.31-2,20.3,20,C,2.3
2032-1/00,Fabricação de resinas termofixas,20.32-1,20.3,20,C,2.3
2033-9/00,Fabricação de elastômeros,20.33-9,20.3,20,C,2.3
2040-1/00,Fabricação de fibras artificiais e sintéticas,20.40-1,20.4,20,C,2.3
2051-7/00,Fabricação de defensivos agrícolas,20.51-7,20.5,20,C,2.3
2052-5/00,Fabricação de desinfestantes domissanitários,20.52-5,20.5,20,C,2.3
2061-4/00,Fabricação de sabões e detergentes sintéticos,20.61-4,20.6,20,C,2.3
2062-2/00,Fabricação de produtos de limpeza e polimento,20.62-2,20.6,20,C,2.3
2063-1/00,"Fabricação de cosméticos, produtos de perfumaria e de higiene pessoal",20.63-1,20.6,20,C,2.3
2071-1/00,"Fabricação de tintas, vernizes, esmaltes e lacas",20.71-1,20.7,20,C,2.3
2072-0/00,Fabricação de tintas de impressão,20.72-0,20.7,20,C,2.3
2073-8/00,"Fabricação de impermeabilizantes, solventes e produtos afins",20.73-8,20.7,20,C,2.3
2091-6/00,Fabricação de adesivos e selantes,20.91-6,20.9,20,C,2.3
2092-4/01,"Fabricação de pólvoras, explosivos e detonantes",20.92-4,20.9,20,C,2.3
2092-4/02,Fabricação de artigos pirotécnicos,20.92-4,20.9,20,C,2.3
2092-4/03,Fabricação de fósforos de segurança,20.92-4,20.9,20,C,2.3
2093-2/00,Fabricação de aditivos de uso industrial,20.93-2,20.9,20,C,2.3
2094-1/00,Fabricação de catalisadores,20.94-1,20.9,20,C,2.3
2099-1/01,"Fabricação de chapas, filmes, papéis e outros materiais e produtos químicos para fotografia",20.99-1,20.9,20,C,2.3
2099-1/99,Fabricação de outros produtos químicos não especificados anteriormente,20.99-1,20.9,20,C,2.3
2110-6/00,Fabricação de produtos farmoquímicos,21.10-6,21.1,21,C,2.3
2121-1/01,Fabricação de medicamentos alopáticos para uso humano,21.21-1,21.2,21,C,2.3
2121-1/02,Fabricação de medicamentos homeopáticos para uso humano,21.21-1,21.2,21,C,2.3
2121-1/03,Fabricação de medicamentos fitoterápicos para uso humano,21.21-1,21.2,21,C,2.3
2122-0/00,Fabricação de medicamentos para uso veterinário,21.22-0,21.2,21,C,2.3
2123-8/00,Fabricação de preparações farmacêuticas,21.23-8,21.2,21,C,2.3
2211-1/00,Fabricação de pneumáticos e de câmaras-de-ar,22.11-1,22.1,22,C,2.3
2212-9/00,Reforma de pneumáticos usados,22.12-9,22.1,22,C,2.3
2219-6/00,"Fabricação de artefatos de borracha não especificados 
anteriormente",22.19-6,22.1,22,C,2.3
2221-8/00,Fabricação de laminados planos e tubulares de material plástico,22.21-8,22.2,22,C,2.3
2222-6/00,Fabricação de embalagens de material plástico,22.22-6,22.2,22,C,2.3
2223-4/00,Fabricação de tubos e acessórios de material plástico para uso na construção,22.23-4,22.2,22,C,2.3
2229-3/01,Fabricação de artefatos de material plástico para uso pessoal e doméstico,22.29-3,22.2,22,C,2.3
2229-3/02,Fabricação de artefatos de material plástico para usos industriais,22.29-3,22.2,22,C,2.3
2229-3/03,"Fabricação de artefatos de material plástico para uso na construção, exceto tubos e acessórios",22.29-3,22.2,22,C,2.3
2229-3/99,Fabricação de artefatos de material plástico para outros usos não especificados anteriormente,22.29-3,22.2,22,C,2.3
2311-7/00,Fabricação de vidro plano e de segurança,23.11-7,23.1,23,C,2.3
2312-5/00,Fabricação de embalagens de vidro,23.12-5,23.1,23,C,2.3
2319-2/00,Fabricação de artigos de vidro,23.19-2,23.1,23,C,2.3
2320-6/00,Fabricação de cimento,23.20-6,23.2,23,C,2.3
2330-3/01,"Fabricação de estruturas pré-moldadas de concreto armado, em série e sob encomenda",23.30-3,23.3,23,C,2.3
2330-3/02,Fabricação de artefatos de cimento para uso na construção,23.30-3,23.3,23,C,2.3
2330-3/03,Fabricação de artefatos de fibrocimento para uso na construção,23.30-3,23.3,23,C,2.3
2330-3/04,Fabricação de casas pré-moldadas de concreto,23.30-3,23.3,23,C,2.3
2330-3/05,Preparação de massa de concreto e argamassa para construção,23.30-3,23.3,23,C,2.3
2330-3/99,"Fabricação de outros artefatos e produtos de concreto, cimento, fibrocimento, gesso e materiais semelhantes",23.30-3,23.3,23,C,2.3
2341-9/00,Fabricação de produtos cerâmicos refratários,23.41-9,23.4,23,C,2.3
2342-7/01,Fabricação de azulejos e pisos,23.42-7,23.4,23,C,2.3
2342-7/02,"Fabricação de artefatos de cerâmica e barro cozido para uso na construção, exceto azulejos e pisos",23.42-7,23.4,23,C,2.3
2349-4/01,Fabricação de material sanitário de cerâmica,23.49-4,23.4,23,C,2.3
2349-4/99,Fabricação de produtos cerâmicos não refratários não especificados anteriormente,23.49-4,23.4,23,C,2.3
2391-5/01,"Britamento de pedras, exceto associado à extração",23.91-5,23.9,23,C,2.3
2391-5/02,"Aparelhamento de pedras para construção, exceto associado à extração",23.91-5,23.9,23,C,2.3
2391-5/03,"Aparelhamento de placas e execução de trabalhos em mármore, granito, ardósia e outras pedras",23.91-5,23.9,23,C,2.3
2392-3/00,Fabricação de cal e gesso,23.92-3,23.9,23,C,2.3
2399-1/01,"Decoração, lapidação, gravação, vitrificação e outros trabalhos em cerâmica, louça, vidro e cristal",23.99-1,23.9,23,C,2.3
2399-1/02,Fabricação de abrasivos,23.99-1,23.9,23,C,2.3
2399-1/99,Fabricação de outros produtos de minerais não metálicos não especificados anteriormente,23.99-1,23.9,23,C,2.3
2411-3/00,Produção de ferro-gusa,24.11-3,24.1,24,C,2.3
2412-1/00,Produção de ferroligas,24.12-1,24.1,24,C,2.3
2421-1/00,Produção de semiacabados de aço,24.21-1,24.2,24,C,2.3
2422-9/01,"Produção de laminados planos de aço ao carbono, revestidos ou não",24.22-9,24.2,24,C,2.3
2422-9/02,Produção de laminados planos de aços especiais,24.22-9,24.2,24,C,2.3
2423-7/01,Produção de tubos de aço sem costura,24.23-7,24.2,24,C,2.3
2423-7/02,"Produção de laminados longos de aço, exceto tubos",24.23-7,24.2,24,C,2.3
2424-5/01,Produção de arames de aço,24.24-5,24.2,24,C,2.3
2424-5/02,"Produção de relaminados, trefilados e perfilados de aço, exceto arames",24.24-5,24.2,24,C,2.3
2431-8/00,Produção de tubos de aço com costura,24.31-8,24.3,24,C,2.3
2439-3/00,Produção de outros tubos de ferro e aço,24.39-3,24.3,24,C,2.3
2441-5/01,Produção de alumínio e suas ligas em formas primárias,24.41-5,24.4,24,C,2.3
2441-5/02,Produção de laminados de alumínio,24.41-5,24.4,24,C,2.3
2442-3/00,Metalurgia dos metais preciosos,24.42-3,24.4,24,C,2.3
2443-1/00,Metalurgia do cobre,24.43-1,24.4,24,C,2.3
2449-1/01,Produção de zinco em formas primárias,24.49-1,24.4,24,C,2.3
2449-1/02,Produção de laminados de zinco,24.49-1,24.4,24,C,2.3
2449-1/03,Fabricação de ânodos para galvanoplastia,24.49-1,24.4,24,C,2.3
2449-1/99,Metalurgia de outros metais não ferrosos e suas ligas não especificados anteriormente,24.49-1,24.4,24,C,2.3
2451-2/00,Fundição de ferro e aço,24.51-2,24.5,24,C,2.3
2452-1/00,Fundição de metais não ferrosos e suas ligas,24.52-1,24.5,24,C,2.3
2511-0/00,Fabricação de estruturas metálicas,25.11-0,25.1,25,C,2.3
2512-8/00,Fabricação de esquadrias de metal,25.12-8,25.1,25,C,2.3
2513-6/00,Fabricação de obras de caldeiraria pesada,25.13-6,25.1,25,C,2.3
2521-7/00,"Fabricação de tanques, reservatórios metálicos e caldeiras para aquecimento central",25.21-7,25.2,25,C,2.3
2522-5/00,"Fabricação de caldeiras geradoras de vapor, exceto para aquecimento central e para veículos",25.22-5,25.2,25,C,2.3
2531-4/01,Produção de forjados de aço,25.31-4,25.3,25,C,2.3
2531-4/02,Produção de forjados de metais não ferrosos e suas ligas,25.31-4,25.3,25,C,2.3
2532-2/01,Produção de artefatos estampados de metal,25.32-2,25.3,25,C,2.3
2532-2/02,Metalurgia do pó,25.32-2,25.3,25,C,2.3
2539-0/01,"Serviços de usinagem, torneiria e solda",25.39-0,25.3,25,C,2.3
2539-0/02,Serviços de tratamento e revestimento em metais,25.39-0,25.3,25,C,2.3
2541-1/00,Fabricação de artigos de cutelaria,25.41-1,25.4,25,C,2.3
2542-0/00,"Fabricação de artigos de serralheria, exceto esquadrias",25.42-0,25.4,25,C,2.3
2543-8/00,Fabricação de ferramentas,25.43-8,25.4,25,C,2.3
2550-1/01,"Fabricação de equipamento bélico pesado, exceto veículos militares de combate",25.50-1,25.5,25,C,2.3
2550-1/02,"Fabricação de armas de fogo, outras armas e munições",25.50-1,25.5,25,C,2.3
2591-8/00,Fabricação de embalagens metálicas,25.91-8,25.9,25,C,2.3
2592-6/01,Fabricação de produtos de trefilados de metal padronizados,25.92-6,25.9,25,C,2.3
2592-6/02,"Fabricação de produtos de trefilados de metal, exceto padronizados",25.92-6,25.9,25,C,2.3
2593-4/00,Fabricação de artigos de metal para uso doméstico e pessoal,25.93-4,25.9,25,C,2.3
2599-3/01,Serviços de confecção de armações metálicas para a construção,25.99-3,25.9,25,C,2.3
2599-3/02,Serviço de corte e dobra de metais,25.99-3,25.9,25,C,2.3
2599-3/99,Fabricação de outros produtos de metal não especificados anteriormente,25.99-3,25.9,25,C,2.3
2610-8/00,Fabricação de componentes eletrônicos,26.10-8,26.1,26,C,2.3
2621-3/00,Fabricação de equipamentos de informática,26.21-3,26.2,26,C,2.3
2622-1/00,Fabricação de periféricos para equipamentos de informática,26.22-1,26.2,26,C,2.3
2631-1/00,"Fabricação de equipamentos transmissores de comunicação, peças e acessórios",26.31-1,26.3,26,C,2.3
2632-9/00,"Fabricação de aparelhos telefônicos e de outros equipamentos de comunicação, peças e acessórios",26.32-9,26.3,26,C,2.3
2640-0/00,"Fabricação de aparelhos de recepção, reprodução, gravação e amplificação de áudio e vídeo",26.40-0,26.4,26,C,2.3
2651-5/00,"Fabricação de aparelhos e equipamentos de medida, teste e controle",26.51-5,26.5,26,C,2.3
2652-3/00,Fabricação de cronômetros e relógios,26.52-3,26.5,26,C,2.3
2660-4/00,Fabricação de aparelhos eletromédicos e eletroterapêuticos e equipamentos de irradiação,26.60-4,26.6,26,C,2.3
2670-1/01,"Fabricação de equipamentos e instrumentos ópticos, peças e acessórios",26.70-1,26.7,26,C,2.3
2670-1/02,"Fabricação de aparelhos fotográficos e cinematográficos, peças e acessórios",26.70-1,26.7,26,C,2.3
2680-9/00,"Fabricação de mídias virgens, magnéticas e ópticas",26.80-9,26.8,26,C,2.3
2710-4/01,"Fabricação de geradores de corrente contínua e alternada, peças e acessórios",27.10-4,27.1,27,C,2.3
2710-4/02,"Fabricação de transformadores, indutores, conversores, sincronizadores e semelhantes, peças e acessórios",27.10-4,27.1,27,C,2.3
2710-4/03,"Fabricação de motores elétricos, peças e acessórios",27.10-4,27.1,27,C,2.3
2721-0/00,"Fabricação de pilhas, baterias e acumuladores elétricos, exceto para veículos automotores",27.21-0,27.2,27,C,2.3
2722-8/01,Fabricação de baterias e acumuladores para veículos automotores,27.22-8,27.2,27,C,2.3
2722-8/02,Recondicionamento de baterias e acumuladores para veículos automotores,27.22-8,27.2,27,C,2.3
2731-7/00,Fabricação de aparelhos e equipamentos para distribuição e controle de energia elétrica,27.31-7,27.3,27,C,2.3
2732-5/00,Fabricação de material elétrico para instalações em circuito de consumo,27.32-5,27.3,27,C,2.3
2733-3/00,"Fabricação de fios, cabos e condutores elétricos isolados",27.33-3,27.3,27,C,2.3
2740-6/01,Fabricação de lâmpadas,27.40-6,27.4,27,C,2.3
2740-6/02,Fabricação de luminárias e outros equipamentos de iluminação,27.40-6,27.4,27,C,2.3
2751-1/00,"Fabricação de fogões, refrigeradores e máquinas de lavar e secar para uso doméstico, peças e acessórios",27.51-1,27.5,27,C,2.3
2759-7/01,"Fabricação de aparelhos elétricos de uso pessoal, peças e acessórios",27.59-7,27.5,27,C,2.3
2759-7/99,"Fabricação de outros aparelhos eletrodomésticos não especificados anteriormente, peças e acessórios",27.59-7,27.5,27,C,2.3
2790-2/01,"Fabricação de eletrodos, contatos e outros artigos de carvão e grafita para uso elétrico, eletroímãs e isoladores",27.90-2,27.9,27,C,2.3
2790-2/02,Fabricação de equipamentos para sinalização e alarme,27.90-2,27.9,27,C,2.3
2790-2/99,Fabricação de outros equipamentos e aparelhos elétricos não especificados anteriormente,27.90-2,27.9,27,C,2.3
2811-9/00,"Fabricação de motores e turbinas, peças e acessórios, exceto para aviões e veículos rodoviários",28.11-9,28.1,28,C,2.3
2812-7/00,"Fabricação de equipamentos hidráulicos e pneumáticos, peças e acessórios, exceto válvulas",28.12-7,28.1,28,C,2.3
2813-5/00,"Fabricação de válvulas, registros e dispositivos semelhantes, peças e acessórios",28.13-5,28.1,28,C,2.3
2814-3/01,"Fabricação de compressores para uso industrial, peças e acessórios",28.14-3,28.1,28,C,2.3
2814-3/02,"Fabricação de compressores para uso não industrial, peças e acessórios",28.14-3,28.1,28,C,2.3
2815-1/01,Fabricação de rolamentos para fins industriais,28.15-1,28.1,28,C,2.3
2815-1/02,"Fabricação de equipamentos de transmissão para fins industriais, exceto rolamentos",28.15-1,28.1,28,C,2.3
2821-6/01,"Fabricação de fornos industriais, aparelhos e equipamentos não elétricos para instalações térmicas, peças e acessórios",28.21-6,28.2,28,C,2.3
2821-6/02,"Fabricação de estufas e fornos elétricos para fins industriais, peças e acessórios",28.21-6,28.2,28,C,2.3
2822-4/01,"Fabricação de máquinas, equipamentos e aparelhos para transporte e elevação de pessoas, peças e acessórios",28.22-4,28.2,28,C,2.3
2822-4/02,"Fabricação de máquinas, equipamentos e aparelhos para transporte e elevação de cargas, peças e acessórios",28.22-4,28.2,28,C,2.3
2823-2/00,"Fabricação de máquinas e aparelhos de refrigeração e ventilação para uso industrial e comercial, peças e acessórios",28.23-2,28.2,28,C,2.3
2824-1/01,Fabricação de aparelhos e equipamentos de ar condicionado para uso industrial,28.24-1,28.2,28,C,2.3
2824-1/02,Fabricação de aparelhos e equipamentos de ar condicionado para uso não industrial,28.24-1,28.2,28,C,2.3
2825-9/00,"Fabricação de máquinas e equipamentos para saneamento básico e ambiental, peças e acessórios",28.25-9,28.2,28,C,2.3
2829-1/01,"Fabricação de máquinas de escrever, calcular e outros equipamentos não eletrônicos para escritório, peças e acessórios",28.29-1,28.2,28,C,2.3
2829-1/99,"Fabricação de outras máquinas e equipamentos de uso geral não especificados anteriormente, peças e acessórios",28.29-1,28.2,28,C,2.3
2831-3/00,"Fabricação de tratores agrícolas, peças e acessórios",28.31-3,28.3,28,C,2.3
2832-1/00,"Fabricação de equipamentos para irrigação agrícola, peças e acessórios",28.32-1,28.3,28,C,2.3
2833-0/00,"Fabricação de máquinas e equipamentos para a agricultura e pecuária, peças e acessórios, exceto para irrigação",28.33-0,28.3,28,C,2.3
2840-2/00,"Fabricação de máquinas-ferramenta, peças e acessórios",28.40-2,28.4,28,C,2.3
2851-8/00,"Fabricação de máquinas e equipamentos para a prospecção e extração de petróleo, peças e acessórios",28.51-8,28.5,28,C,2.3
2852-6/00,"Fabricação de outras máquinas e equipamentos para uso na extração mineral, peças e acessórios, exceto na extração de petróleo",28.52-6,28.5,28,C,2.3
2853-4/00,"Fabricação de tratores, peças e acessórios, exceto agrícolas",28.53-4,28.5,28,C,2.3
2854-2/00,"Fabricação de máquinas e equipamentos para terraplenagem, pavimentação e construção, peças e acessórios, exceto tratores",28.54-2,28.5,28,C,2.3
2861-5/00,"Fabricação de máquinas para a indústria metalúrgica, peças e acessórios, exceto máquinas-ferramenta",28.61-5,28.6,28,C,2.3
2862-3/00,"Fabricação de máquinas e equipamentos para as indústrias de alimentos, bebidas e fumo, peças e acessórios",28.62-3,28.6,28,C,2.3
2863-1/00,"Fabricação de máquinas e equipamentos para a indústria têxtil, peças e acessórios",28.63-1,28.6,28,C,2.3
2864-0/00,"Fabricação de máquinas e equipamentos para as indústrias do vestuário, do couro e de calçados, peças e acessórios",28.64-0,28.6,28,C,2.3
2865-8/00,"Fabricação de máquinas e equipamentos para as indústrias de celulose, papel e papelão e artefatos, peças e acessórios",28.65-8,28.6,28,C,2.3
2866-6/00,"Fabricação de máquinas e equipamentos para a indústria do plástico, peças e acessórios",28.66-6,28.6,28,C,2.3
2869-1/00,"Fabricação de máquinas e equipamentos para uso industrial específico não especificados anteriormente, peças e acessórios",28.69-1,28.6,28,C,2.3
2910-7/01,"Fabricação de automóveis, camionetas e utilitários",29.10-7,29.1,29,C,2.3
2910-7/02,"Fabricação de chassis com motor para automóveis, camionetas e utilitários",29.10-7,29.1,29,C,2.3
2910-7/03,"Fabricação de motores para automóveis, camionetas e utilitários",29.10-7,29.1,29,C,2.3
2920-4/01,Fabricação de caminhões e ônibus,29.20-4,29.2,29,C,2.3
2920-4/02,Fabricação de motores para caminhões e ônibus,29.20-4,29.2,29,C,2.3
2930-1/01,"Fabricação de cabines, carrocerias e reboques para caminhões",29.30-1,29.3,29,C,2.3
2930-1/02,Fabricação de carrocerias para ônibus,29.30-1,29.3,29,C,2.3
2930-1/03,"Fabricação de cabines, carrocerias e reboques para outros veículos automotores, exceto caminhões e ônibus",29.30-1,29.3,29,C,2.3
2941-7/00,Fabricação de peças e acessórios para o sistema motor de veículos automotores,29.41-7,29.4,29,C,2.3
2942-5/00,Fabricação de peças e acessórios para os sistemas de marcha e transmissão de veículos automotores,29.42-5,29.4,29,C,2.3
2943-3/00,Fabricação de peças e acessórios para o sistema de freios de veículos automotores,29.43-3,29.4,29,C,2.3
2944-1/00,Fabricação de peças e acessórios para o sistema de direção e suspensão de veículos automotores,29.44-1,29.4,29,C,2.3
2945-0/00,"Fabricação de material elétrico e eletrônico para veículos automotores, exceto baterias",29.45-0,29.4,29,C,2.3
2949-2/01,Fabricação de bancos e estofados para veículos automotores,29.49-2,29.4,29,C,2.3
2949-2/99,Fabricação de outras peças e acessórios para veículos automotores não especificadas anteriormente,29.49-2,29.4,29,C,2.3
2950-6/00,Recondicionamento e recuperação de motores para veículos automotores,29.50-6,29.5,29,C,2.3
3011-3/01,Construção de embarcações de grande porte,30.11-3,30.1,30,C,2.3
3011-3/02,"Construção de embarcações para uso comercial e para usos especiais, exceto de grande porte",30.11-3,30.1,30,C,2.3
3012-1/00,Construção de embarcações para esporte e lazer,30.12-1,30.1,30,C,2.3
3031-8/00,"Fabricação de locomotivas, vagões e outros materiais rodantes",30.31-8,30.3,30,C,2.3
3032-6/00,Fabricação de peças e acessórios para veículos ferroviários,30.32-6,30.3,30,C,2.3
3041-5/00,Fabricação de aeronaves,30.41-5,30.4,30,C,2.3
3042-3/00,"Fabricação de turbinas, motores e outros componentes e peças para aeronaves",30.42-3,30.4,30,C,2.3
3050-4/00,Fabricação de veículos militares de combate,30.50-4,30.5,30,C,2.3
3091-1/01,Fabricação de motocicletas,30.91-1,30.9,30,C,2.3
3091-1/02,Fabricação de peças e acessórios para motocicletas,30.91-1,30.9,30,C,2.3
3092-0/00,"Fabricação de bicicletas e triciclos não motorizados, peças e acessórios",30.92-0,30.9,30,C,2.3
3099-7/00,Fabricação de equipamentos de transporte não especificados anteriormente,30.99-7,30.9,30,C,2.3
3101-2/00,Fabricação de móveis com predominância de madeira,31.01-2,31.0,31,C,2.3
3102-1/00,Fabricação de móveis com predominância de metal,31.02-1,31.0,31,C,2.3
3103-9/00,"Fabricação de móveis de outros materiais, exceto madeira e metal",31.03-9,31.0,31,C,2.3
3104-7/00,Fabricação de colchões,31.04-7,31.0,31,C,2.3
3211-6/01,Lapidação de gemas,32.11-6,32.1,32,C,2.3
3211-6/02,Fabricação de artefatos de joalheria e ourivesaria,32.11-6,32.1,32,C,2.3
3211-6/03,Cunhagem de moedas e medalhas,32.11-6,32.1,32,C,2.3
3212-4/00,Fabricação de bijuterias e artefatos semelhantes,32.12-4,32.1,32,C,2.3
3220-5/00,"Fabricação de instrumentos musicais, peças e acessórios",32.20-5,32.2,32,C,2.3
3230-2/00,Fabricação de artefatos para pesca e esporte,32.30-2,32.3,32,C,2.3
3240-0/01,Fabricação de jogos eletrônicos,32.40-0,32.4,32,C,2.3
3240-0/02,"Fabricação de mesas de bilhar, de sinuca e acessórios não associada à locação",32.40-0,32.4,32,C,2.3
3240-0/03,"Fabricação de mesas de bilhar, de sinuca e acessórios associada à locação",32.40-0,32.4,32,C,2.3
3240-0/99,Fabricação de outros brinquedos e jogos recreativos não especificados anteriormente,32.40-0,32.4,32,C,2.3
3250-7/01,"Fabricação de instrumentos não eletrônicos e utensílios para uso médico, cirúrgico, odontológico e de laboratório",32.50-7,32.5,32,C,2.3
3250-7/02,"Fabricação de mobiliário para uso médico, cirúrgico, odontológico e de laboratório",32.50-7,32.5,32,C,2.3
3250-7/03,Fabricação de aparelhos e utensílios para correção de defeitos físicos e aparelhos ortopédicos em geral sob encomenda,32.50-7,32.5,32,C,2.3
3250-7/04,"Fabricação de aparelhos e utensílios para correção de defeitos físicos e aparelhos ortopédicos em geral, exceto sob encomenda",32.50-7,32.5,32,C,2.3
3250-7/05,Fabricação de materiais para medicina e odontologia,32.50-7,32.5,32,C,2.3
3250-7/06,Serviços de prótese dentária,32.50-7,32.5,32,C,2.3
3250-7/07,Fabricação de artigos ópticos,32.50-7,32.5,32,C,2.3
3250-7/09,Serviço de laboratório óptico,32.50-7,32.5,32,C,2.3
3291-4/00,"Fabricação de escovas, pincéis e vassouras",32.91-4,32.9,32,C,2.3
3292-2/01,Fabricação de roupas de proteção e segurança e resistentes a fogo,32.92-2,32.9,32,C,2.3
3292-2/02,Fabricação de equipamentos e acessórios para segurança pessoal e profissional,32.92-2,32.9,32,C,2.3
3299-0/01,Fabricação de guarda-chuvas e similares,32.99-0,32.9,32,C,2.3
3299-0/02,"Fabricação de canetas, lápis e outros artigos para escritório",32.99-0,32.9,32,C,2.3
3299-0/03,"Fabricação de letras, letreiros e placas de qualquer material, exceto luminosos",32.99-0,32.9,32,C,2.3
3299-0/04,Fabricação de painéis e letreiros luminosos,32.99-0,32.9,32,C,2.3
3299-0/05,Fabricação de aviamentos para costura,32.99-0,32.9,32,C,2.3
3299-0/06,"Fabricação de velas, inclusive decorativas",32.99-0,32.9,32,C,2.3
3299-0/99,Fabricação de produtos diversos não especificados anteriormente,32.99-0,32.9,32,C,2.3
3311-2/00,"Manutenção e reparação de tanques, reservatórios metálicos e caldeiras, exceto para veículos",33.11-2,33.1,33,C,2.3
3312-1/02,"Manutenção e reparação de aparelhos e instrumentos de medida, teste e controle",33.12-1,33.1,33,C,2.3
3312-1/03,Manutenção e reparação de aparelhos eletromédicos e eletroterapêuticos e equipamentos de irradiação,33.12-1,33.1,33,C,2.3
3312-1/04,Manutenção e reparação de equipamentos e instrumentos ópticos,33.12-1,33.1,33,C,2.3
3313-9/01,"Manutenção e reparação de geradores, transformadores e motores elétricos",33.13-9,33.1,33,C,2.3
3313-9/02,"Manutenção e reparação de baterias e acumuladores elétricos, exceto para veículos",33.13-9,33.1,33,C,2.3
3313-9/99,"Manutenção e reparação de máquinas, aparelhos e materiais elétricos não especificados anteriormente",33.13-9,33.1,33,C,2.3
3314-7/01,Manutenção e reparação de máquinas motrizes não elétricas,33.14-7,33.1,33,C,2.3
3314-7/02,"Manutenção e reparação de equipamentos hidráulicos e pneumáticos, exceto válvulas",33.14-7,33.1,33,C,2.3
3314-7/03,Manutenção e reparação de válvulas industriais,33.14-7,33.1,33,C,2.3
3314-7/04,Manutenção e reparação de compressores,33.14-7,33.1,33,C,2.3
3314-7/05,Manutenção e reparação de equipamentos de transmissão para fins industriais,33.14-7,33.1,33,C,2.3
3314-7/06,"Manutenção e reparação de máquinas, aparelhos e equipamentos para instalações térmicas",33.14-7,33.1,33,C,2.3
3314-7/07,Manutenção e reparação de máquinas e aparelhos de refrigeração e ventilação para uso industrial e comercial,33.14-7,33.1,33,C,2.3
3314-7/08,"Manutenção e reparação de máquinas, equipamentos e aparelhos para transporte e elevação de cargas",33.14-7,33.1,33,C,2.3
3314-7/09,"Manutenção e reparação de máquinas de escrever, calcular e de outros equipamentos não eletrônicos para escritório",33.14-7,33.1,33,C,2.3
3314-7/10,Manutenção e reparação de máquinas e equipamentos para uso geral não especificados anteriormente,33.14-7,33.1,33,C,2.3
3314-7/11,Manutenção e reparação de máquinas e equipamentos para agricultura e pecuária,33.14-7,33.1,33,C,2.3
3314-7/12,Manutenção e reparação de tratores agrícolas,33.14-7,33.1,33,C,2.3
3314-7/13,Manutenção e reparação de máquinas-ferramenta,33.14-7,33.1,33,C,2.3
3314-7/14,Manutenção e reparação de máquinas e equipamentos para a prospecção e extração de petróleo,33.14-7,33.1,33,C,2.3
3314-7/15,"Manutenção e reparação de máquinas e equipamentos para uso na extração mineral, exceto na extração de petróleo",33.14-7,33.1,33,C,2.3
3314-7/16,"Manutenção e reparação de tratores, exceto agrícolas",33.14-7,33.1,33,C,2.3
3314-7/17,"Manutenção e reparação de máquinas e equipamentos de terraplenagem, pavimentação e construção, exceto tratores",33.14-7,33.1,33,C,2.3
3314-7/18,"Manutenção e reparação de máquinas para a indústria metalúrgica, exceto máquinas-ferramenta",33.14-7,33.1,33,C,2.3
3314-7/19,"Manutenção e reparação de máquinas e equipamentos para as indústrias de alimentos, bebidas e fumo",33.14-7,33.1,33,C,2.3
3314-7/20,"Manutenção e reparação de máquinas e equipamentos para a indústria têxtil, do vestuário, do couro e calçados",33.14-7,33.1,33,C,2.3
3314-7/21,"Manutenção e reparação de máquinas e aparelhos para a indústria de celulose, papel e papelão e artefatos",33.14-7,33.1,33,C,2.3
3314-7/22,Manutenção e reparação de máquinas e aparelhos para a indústria do plástico,33.14-7,33.1,33,C,2.3
3314-7/99,Manutenção e reparação de outras máquinas e equipamentos para usos industriais não especificados anteriormente,33.14-7,33.1,33,C,2.3
3315-5/00,Manutenção e reparação de veículos ferroviários,33.15-5,33.1,33,C,2.3
3316-3/01,"Manutenção e reparação de aeronaves, exceto a manutenção na pista",33.16-3,33.1,33,C,2.3
3316-3/02,Manutenção de aeronaves na pista,33.16-3,33.1,33,C,2.3
3317-1/01,Manutenção e reparação de embarcações e estruturas flutuantes,33.17-1,33.1,33,C,2.3
3317-1/02,Manutenção e reparação de embarcações para esporte e lazer,33.17-1,33.1,33,C,2.3
3319-8/00,Manutenção e reparação de equipamentos e produtos não especificados anteriormente,33.19-8,33.1,33,C,2.3
3321-0/00,Instalação de máquinas e equipamentos industriais,33.21-0,33.2,33,C,2.3
3329-5/01,Serviços de montagem de móveis de qualquer material,33.29-5,33.2,33,C,2.3
3329-5/99,Instalação de outros equipamentos não especificados anteriormente,33.29-5,33.2,33,C,2.3
3511-5/01,Geração de energia elétrica,35.11-5,35.1,35,D,2.3
3511-5/02,Atividades de coordenação e controle da operação da geração e transmissão de energia elétrica,35.11-5,35.1,35,D,2.3
3512-3/00,Transmissão de energia elétrica,35.12-3,35.1,35,D,2.3
3513-1/00,Comércio atacadista de energia elétrica,35.13-1,35.1,35,D,2.3
3514-0/00,Distribuição de energia elétrica,35.14-0,35.1,35,D,2.3
3520-4/01,Produção de gás; processamento de gás natural,35.20-4,35.2,35,D,2.3
3520-4/02,Distribuição de combustíveis gasosos por redes urbanas,35.20-4,35.2,35,D,2.3
3530-1/00,"Produção e distribuição de vapor, água quente e ar condicionado",35.30-1,35.3,35,D,2.3
3600-6/01,"Captação, tratamento e distribuição de água",36.00-6,36.0,36,E,2.3
3600-6/02,Distribuição de água por caminhões,36.00-6,36.0,36,E,2.3
3701-1/00,Gestão de redes de esgoto,37.01-1,37.0,37,E,2.3
3702-9/00,"Atividades relacionadas a esgoto, exceto a gestão de redes",37.02-9,37.0,37,E,2.3
3811-4/00,Coleta de resíduos não perigosos,38.11-4,38.1,38,E,2.3
3812-2/00,Coleta de resíduos perigosos,38.12-2,38.1,38,E,2.3
3821-1/00,Tratamento e disposição de resíduos não perigosos,38.21-1,38.2,38,E,2.3
3822-0/00,Tratamento e disposição de resíduos perigosos,38.22-0,38.2,38,E,2.3
3831-9/01,Recuperação de sucatas de alumínio,38.31-9,38.3,38,E,2.3
3831-9/99,"Recuperação de materiais metálicos, exceto alumínio",38.31-9,38.3,38,E,2.3
3832-7/00,Recuperação de materiais plásticos,38.32-7,38.3,38,E,2.3
3839-4/01,Usinas de compostagem,38.39-4,38.3,38,E,2.3
3839-4/99,Recuperação de materiais não especificados anteriormente,38.39-4,38.3,38,E,2.3
3900-5/00,Descontaminação e outros serviços de gestão de resíduos,39.00-5,39.0,39,E,2.3
4110-7/00,Incorporação de empreendimentos imobiliários,41.10-7,41.1,41,F,2.3
4120-4/00,Construção de edifícios,41.20-4,41.2,41,F,2.3
4211-1/01,Construção de rodovias e ferrovias,42.11-1,42.1,42,F,2.3
4211-1/02,Pintura para sinalização em pistas rodoviárias e aeroportos,42.11-1,42.1,42,F,2.3
4212-0/00,Construção de obras de arte especiais,42.12-0,42.1,42,F,2.3
4213-8/00,"Obras de urbanização - ruas, praças e calçadas",42.13-8,42.1,42,F,2.3
4221-9/01,"Construção de barragens e represas para geração de energia 
elétrica",42.21-9,42.2,42,F,2.3
4221-9/02,Construção de estações e redes de distribuição de energia elétrica,42.21-9,42.2,42,F,2.3
4221-9/03,Manutenção de redes de distribuição de energia elétrica,42.21-9,42.2,42,F,2.3
4221-9/04,Construção de estações e redes de telecomunicações,42.21-9,42.2,42,F,2.3
4221-9/05,Manutenção de estações e redes de telecomunicações,42.21-9,42.2,42,F,2.3
4222-7/01,"Construção de redes de abastecimento de água, coleta de esgoto e construções correlatas, exceto obras de irrigação",42.22-7,42.2,42,F,2.3
4222-7/02,Obras de irrigação,42.22-7,42.2,42,F,2.3
4223-5/00,"Construção de redes de transportes por dutos, exceto para água e esgoto",42.23-5,42.2,42,F,2.3
4291-0/00,"Obras portuárias, marítimas e fluviais",42.91-0,42.9,42,F,2.3
4292-8/01,Montagem de estruturas metálicas,42.92-8,42.9,42,F,2.3
4292-8/02,Obras de montagem industrial,42.92-8,42.9,42,F,2.3
4299-5/01,Construção de instalações esportivas e recreativas,42.99-5,42.9,42,F,2.3
4299-5/99,Outras obras de engenharia civil não especificadas anteriormente,42.99-5,42.9,42,F,2.3
4311-8/01,Demolição de edifícios e outras estruturas,43.11-8,43.1,43,F,2.3
4311-8/02,Preparação de canteiro e limpeza de terreno,43.11-8,43.1,43,F,2.3
4312-6/00,Perfurações e sondagens,43.12-6,43.1,43,F,2.3
4313-4/00,Obras de terraplenagem,43.13-4,43.1,43,F,2.3
4319-3/00,Serviços de preparação do terreno não especificados anteriormente,43.19-3,43.1,43,F,2.3
4321-5/00,Instalação e manutenção elétrica,43.21-5,43.2,43,F,2.3
4322-3/01,"Instalações hidráulicas, sanitárias e de gás",43.22-3,43.2,43,F,2.3
4322-3/02,"Instalação e manutenção de sistemas centrais de ar condicionado, de ventilação e refrigeração",43.22-3,43.2,43,F,2.3
4322-3/03,Instalações de sistema de prevenção contra incêndio,43.22-3,43.2,43,F,2.3
4329-1/01,Instalação de painéis publicitários,43.29-1,43.2,43,F,2.3
4329-1/02,"Instalação de equipamentos para orientação à navegação marítima, fluvial e lacustre",43.29-1,43.2,43,F,2.3
4329-1/03,"Instalação, manutenção e reparação de elevadores, escadas e esteiras rolantes",43.29-1,43.2,43,F,2.3
4329-1/04,"Montagem e instalação de sistemas e equipamentos de iluminação e sinalização em vias públicas, portos e aeroportos",43.29-1,43.2,43,F,2.3
4329-1/05,"Tratamentos térmicos, acústicos ou de vibração",43.29-1,43.2,43,F,2.3
4329-1/99,Outras obras de instalações em construções não especificadas anteriormente,43.29-1,43.2,43,F,2.3
4330-4/01,Impermeabilização em obras de engenharia civil,43.30-4,43.3,43,F,2.3
4330-4/02,"Instalação de portas, janelas, tetos, divisórias e armários embutidos de qualquer material",43.30-4,43.3,43,F,2.3
4330-4/03,Obras de acabamento em gesso e estuque,43.30-4,43.3,43,F,2.3
4330-4/04,Serviços de pintura de edifícios em geral,43.30-4,43.3,43,F,2.3
4330-4/05,Aplicação de revestimentos e de resinas em interiores e exteriores,43.30-4,43.3,43,F,2.3
4330-4/99,Outras obras de acabamento da construção,43.30-4,43.3,43,F,2.3
4391-6/00,Obras de fundações,43.91-6,43.9,43,F,2.3
4399-1/01,Administração de obras,43.99-1,43.9,43,F,2.3
4399-1/02,Montagem e desmontagem de andaimes e outras estruturas temporárias,43.99-1,43.9,43,F,2.3
4399-1/03,Obras de alvenaria,43.99-1,43.9,43,F,2.3
4399-1/04,Serviços de operação e fornecimento de equipamentos para transporte e elevação de cargas e pessoas para uso em obras,43.99-1,43.9,43,F,2.3
4399-1/05,Perfuração e construção de poços de água,43.99-1,43.9,43,F,2.3
4399-1/99,Serviços especializados para construção não especificados anteriormente,43.99-1,43.9,43,F,2.3
4511-1/01,"Comércio a varejo de automóveis, camionetas e utilitários novos",45.11-1,45.1,45,G,2.3
4511-1/02,"Comércio a varejo de automóveis, camionetas e utilitários usados",45.11-1,45.1,45,G,2.3
4511-1/03,"Comércio por atacado de automóveis, camionetas e utilitários novos e usados",45.11-1,45.1,45,G,2.3
4511-1/04,Comércio por atacado de caminhões novos e usados,45.11-1,45.1,45,G,2.3
4511-1/05,Comércio por atacado de reboques e semireboques novos e usados,45.11-1,45.1,45,G,2.3
4511-1/06,Comércio por atacado de ônibus e micro-ônibus novos e usados,45.11-1,45.1,45,G,2.3
4512-9/01,Representantes comerciais e agentes do comércio de veículos automotores,45.12-9,45.1,45,G,2.3
4512-9/02,Comércio sob consignação de veículos automotores,45.12-9,45.1,45,G,2.3
4520-0/01,Serviços de manutenção e reparação mecânica de veículos automotores,45.20-0,45.2,45,G,2.3
4520-0/02,Serviços de lanternagem ou funilaria e pintura de veículos automotores,45.20-0,45.2,45,G,2.3
4520-0/03,Serviços de manutenção e reparação elétrica de veículos automotores,45.20-0,45.2,45,G,2.3
4520-0/04,Serviços de alinhamento e balanceamento de veículos automotores,45.20-0,45.2,45,G,2.3
4520-0/05,"Serviços de lavagem, lubrificação e polimento de veículos automotores",45.20-0,45.2,45,G,2.3
4520-0/06,Serviços de borracharia para veículos automotores,45.20-0,45.2,45,G,2.3
4520-0/07,"Serviços de instalação, manutenção e reparação de acessórios para veículos automotores",45.20-0,45.2,45,G,2.3
4520-0/08,Serviços de capotaria,45.20-0,45.2,45,G,2.3
4530-7/01,Comércio por atacado de peças e acessórios novos para veículos automotores,45.30-7,45.3,45,G,2.3
4530-7/02,Comércio por atacado de pneumáticos e câmaras-de-ar,45.30-7,45.3,45,G,2.3
4530-7/03,Comércio a varejo de peças e acessórios novos para veículos automotores,45.30-7,45.3,45,G,2.3
4530-7/04,Comércio a varejo de peças e acessórios usados para veículos automotores,45.30-7,45.3,45,G,2.3
4530-7/05,Comércio a varejo de pneumáticos e câmaras-de-ar,45.30-7,45.3,45,G,2.3
4530-7/06,Representantes comerciais e agentes do comércio de peças e acessórios novos e usados para veículos automotores,45.30-7,45.3,45,G,2.3
4541-2/01,Comércio por atacado de motocicletas e motonetas,45.41-2,45.4,45,G,2.3
4541-2/02,Comércio por atacado de peças e acessórios para motocicletas e motonetas,45.41-2,45.4,45,G,2.3
4541-2/03,Comércio a varejo de motocicletas e motonetas novas,45.41-2,45.4,45,G,2.3
4541-2/04,Comércio a varejo de motocicletas e motonetas usadas,45.41-2,45.4,45,G,2.3
4541-2/06,Comércio a varejo de peças e acessórios novos para motocicletas e motonetas,45.41-2,45.4,45,G,2.3
4541-2/07,Comércio a varejo de peças e acessórios usados para motocicletas e motonetas,45.41-2,45.4,45,G,2.3
4542-1/01,"Representantes comerciais e agentes do comércio de motocicletas e motonetas, peças e acessórios",45.42-1,45.4,45,G,2.3
4542-1/02,Comércio sob consignação de motocicletas e motonetas,45.42-1,45.4,45,G,2.3
4543-9/00,Manutenção e reparação de motocicletas e motonetas,45.43-9,45.4,45,G,2.3
4611-7/00,Representantes comerciais e agentes do comércio de matérias-primas agrícolas e animais vivos,46.11-7,46.1,46,G,2.3
4612-5/00,"Representantes comerciais e agentes do comércio de combustíveis, minerais, produtos siderúrgicos e químicos",46.12-5,46.1,46,G,2.3
4613-3/00,"Representantes comerciais e agentes do comércio de madeira, material de construção e ferragens",46.13-3,46.1,46,G,2.3
4614-1/00,"Representantes comerciais e agentes do comércio de máquinas, equipamentos, embarcações e aeronaves",46.14-1,46.1,46,G,2.3
4615-0/00,"Representantes comerciais e agentes do comércio de eletrodomésticos, móveis e artigos de uso doméstico",46.15-0,46.1,46,G,2.3
4616-8/00,"Representantes comerciais e agentes do comércio de têxteis, vestuário, calçados e artigos de viagem",46.16-8,46.1,46,G,2.3
4617-6/00,"Representantes comerciais e agentes do comércio de produtos alimentícios, bebidas e fumo",46.17-6,46.1,46,G,2.3
4618-4/01,"Representantes comerciais e agentes do comércio de medicamentos, cosméticos e produtos de perfumaria",46.18-4,46.1,46,G,2.3
4618-4/02,Representantes comerciais e agentes do comércio de instrumentos e materiais odonto-médico-hospitalares,46.18-4,46.1,46,G,2.3
4618-4/03,"Representantes comerciais e agentes do comércio de jornais, revistas e outras publicações",46.18-4,46.1,46,G,2.3
4618-4/99,Outros representantes comerciais e agentes do comércio especializado em produtos não especificados anteriormente,46.18-4,46.1,46,G,2.3
4619-2/00,Representantes comerciais e agentes do comércio de mercadorias em geral não especializado,46.19-2,46.1,46,G,2.3
4621-4/00,Comércio atacadista de café em grão,46.21-4,46.2,46,G,2.3
4622-2/00,Comércio atacadista de soja,46.22-2,46.2,46,G,2.3
4623-1/01,Comércio atacadista de animais vivos,46.23-1,46.2,46,G,2.3
4623-1/02,"Comércio atacadista de couros, lãs, peles e outros subprodutos não comestíveis de origem animal",46.23-1,46.2,46,G,2.3
4623-1/03,Comércio atacadista de algodão,46.23-1,46.2,46,G,2.3
4623-1/04,Comércio atacadista de fumo em folha não beneficiado,46.23-1,46.2,46,G,2.3
4623-1/05,Comércio atacadista de cacau,46.23-1,46.2,46,G,2.3
4623-1/06,"Comércio atacadista de sementes, flores, plantas e gramas",46.23-1,46.2,46,G,2.3
4623-1/07,Comércio atacadista de sisal,46.23-1,46.2,46,G,2.3
4623-1/08,Comércio atacadista de matérias-primas agrícolas com atividade de fracionamento e acondicionamento associada,46.23-1,46.2,46,G,2.3
4623-1/09,Comércio atacadista de alimentos para animais,46.23-1,46.2,46,G,2.3
4623-1/99,Comércio atacadista de matérias-primas agrícolas não especificadas anteriormente,46.23-1,46.2,46,G,2.3
4631-1/00,Comércio atacadista de leite e laticínios,46.31-1,46.3,46,G,2.3
4632-0/01,Comércio atacadista de cereais e leguminosas beneficiados,46.32-0,46.3,46,G,2.3
4632-0/02,"Comércio atacadista de farinhas, amidos e féculas",46.32-0,46.3,46,G,2.3
4632-0/03,"Comércio atacadista de cereais e leguminosas beneficiados, farinhas, amidos e féculas, com atividade de fracionamento e acondicionamento associada",46.32-0,46.3,46,G,2.3
4633-8/01,"Comércio atacadista de frutas, verduras, raízes, tubérculos, hortaliças e legumes frescos",46.33-8,46.3,46,G,2.3
4633-8/02,Comércio atacadista de aves vivas e ovos,46.33-8,46.3,46,G,2.3
4633-8/03,Comércio atacadista de coelhos e outros pequenos animais vivos para alimentação,46.33-8,46.3,46,G,2.3
4634-6/01,Comércio atacadista de carnes bovinas e suínas e derivados,46.34-6,46.3,46,G,2.3
4634-6/02,Comércio atacadista de aves abatidas e derivados,46.34-6,46.3,46,G,2.3
4634-6/03,Comércio atacadista de pescados e frutos do mar,46.34-6,46.3,46,G,2.3
4634-6/99,Comércio atacadista de carnes e derivados de outros animais,46.34-6,46.3,46,G,2.3
4635-4/01,Comércio atacadista de água mineral,46.35-4,46.3,46,G,2.3
4635-4/02,"Comércio atacadista de cerveja, chope e refrigerante",46.35-4,46.3,46,G,2.3
4635-4/03,Comércio atacadista de bebidas com atividade de fracionamento e acondicionamento associada,46.35-4,46.3,46,G,2.3
4635-4/99,Comércio atacadista de bebidas não especificadas anteriormente,46.35-4,46.3,46,G,2.3
4636-2/01,Comércio atacadista de fumo beneficiado,46.36-2,46.3,46,G,2.3
4636-2/02,"Comércio atacadista de cigarros, cigarrilhas e charutos",46.36-2,46.3,46,G,2.3
4637-1/01,"Comércio atacadista de café torrado, moído e solúvel",46.37-1,46.3,46,G,2.3
4637-1/02,Comércio atacadista de açúcar,46.37-1,46.3,46,G,2.3
4637-1/03,Comércio atacadista de óleos e gorduras,46.37-1,46.3,46,G,2.3
4637-1/04,"Comércio atacadista de pães, bolos, biscoitos e similares",46.37-1,46.3,46,G,2.3
4637-1/05,Comércio atacadista de massas alimentícias,46.37-1,46.3,46,G,2.3
4637-1/06,Comércio atacadista de sorvetes,46.37-1,46.3,46,G,2.3
4637-1/07,"Comércio atacadista de chocolates, confeitos, balas, bombons e semelhantes",46.37-1,46.3,46,G,2.3
4637-1/99,Comércio atacadista especializado em outros produtos alimentícios não especificados anteriormente,46.37-1,46.3,46,G,2.3
4639-7/01,Comércio atacadista de produtos alimentícios em geral,46.39-7,46.3,46,G,2.3
4639-7/02,"Comércio atacadista de produtos alimentícios em geral, com atividade de fracionamento e acondicionamento associada",46.39-7,46.3,46,G,2.3
4641-9/01,Comércio atacadista de tecidos,46.41-9,46.4,46,G,2.3
4641-9/02,"Comércio atacadista de artigos de cama, mesa e banho",46.41-9,46.4,46,G,2.3
4641-9/03,Comércio atacadista de artigos de armarinho,46.41-9,46.4,46,G,2.3
4642-7/01,"Comércio atacadista de artigos do vestuário e acessórios, exceto profissionais e de segurança",46.42-7,46.4,46,G,2.3
4642-7/02,Comércio atacadista de roupas e acessórios para uso profissional e de segurança do trabalho,46.42-7,46.4,46,G,2.3
4643-5/01,Comércio atacadista de calçados,46.43-5,46.4,46,G,2.3
4643-5/02,"Comércio atacadista de bolsas, malas e artigos de viagem",46.43-5,46.4,46,G,2.3
4644-3/01,Comércio atacadista de medicamentos e drogas de uso humano,46.44-3,46.4,46,G,2.3
4644-3/02,Comércio atacadista de medicamentos e drogas de uso veterinário,46.44-3,46.4,46,G,2.3
4645-1/01,"Comércio atacadista de instrumentos e materiais para uso médico, cirúrgico, hospitalar e de laboratórios",46.45-1,46.4,46,G,2.3
4645-1/02,Comércio atacadista de próteses e artigos de ortopedia,46.45-1,46.4,46,G,2.3
4645-1/03,Comércio atacadista de produtos odontológicos,46.45-1,46.4,46,G,2.3
4646-0/01,Comércio atacadista de cosméticos e produtos de perfumaria,46.46-0,46.4,46,G,2.3
4646-0/02,Comércio atacadista de produtos de higiene pessoal,46.46-0,46.4,46,G,2.3
4647-8/01,Comércio atacadista de artigos de escritório e de papelaria,46.47-8,46.4,46,G,2.3
4647-8/02,"Comércio atacadista de livros, jornais e outras publicações",46.47-8,46.4,46,G,2.3
4649-4/01,Comércio atacadista de equipamentos elétricos de uso pessoal e doméstico,46.49-4,46.4,46,G,2.3
4649-4/02,Comércio atacadista de aparelhos eletrônicos de uso pessoal e doméstico,46.49-4,46.4,46,G,2.3
4649-4/03,"Comércio atacadista de bicicletas, triciclos e outros veículos recreativos",46.49-4,46.4,46,G,2.3
4649-4/04,Comércio atacadista de móveis e artigos de colchoaria,46.49-4,46.4,46,G,2.3
4649-4/05,Comércio atacadista de artigos de tapeçaria; persianas e cortinas,46.49-4,46.4,46,G,2.3
4649-4/06,"Comércio atacadista de lustres, luminárias e abajures",46.49-4,46.4,46,G,2.3
4649-4/07,"Comércio atacadista de filmes, CDs, DVDs, fitas e discos",46.49-4,46.4,46,G,2.3
4649-4/08,"Comércio atacadista de produtos de higiene, limpeza e conservação domiciliar",46.49-4,46.4,46,G,2.3
4649-4/09,"Comércio atacadista de produtos de higiene, limpeza e conservação domiciliar, com atividade de fracionamento e acondicionamento associada",46.49-4,46.4,46,G,2.3
4649-4/10,"Comércio atacadista de jóias, relógios e bijuterias, inclusive pedras preciosas e semipreciosas lapidadas",46.49-4,46.4,46,G,2.3
4649-4/99,Comércio atacadista de outros equipamentos e artigos de uso pessoal e doméstico não especificados anteriormente,46.49-4,46.4,46,G,2.3
4651-6/01,Comércio atacadista de equipamentos de informática,46.51-6,46.5,46,G,2.3
4651-6/02,Comércio atacadista de suprimentos para informática,46.51-6,46.5,46,G,2.3
4652-4/00,Comércio atacadista de componentes eletrônicos e equipamentos de telefonia e comunicação,46.52-4,46.5,46,G,2.3
4661-3/00,"Comércio atacadista de máquinas, aparelhos e equipamentos para uso agropecuário; partes e peças",46.61-3,46.6,46,G,2.3
4662-1/00,"Comércio atacadista de máquinas, equipamentos para terraplenagem, mineração e construção; partes e peças",46.62-1,46.6,46,G,2.3
4663-0/00,Comércio atacadista de máquinas e equipamentos para uso industrial; partes e peças,46.63-0,46.6,46,G,2.3
4664-8/00,"Comércio atacadista de máquinas, aparelhos e equipamentos para uso odonto-médico-hospitalar; partes e peças",46.64-8,46.6,46,G,2.3
4665-6/00,Comércio atacadista de máquinas e equipamentos para uso comercial; partes e peças,46.65-6,46.6,46,G,2.3
4669-9/01,Comércio atacadista de bombas e compressores; partes e peças,46.69-9,46.6,46,G,2.3
4669-9/99,Comércio atacadista de outras máquinas e equipamentos não especificados anteriormente; partes e peças,46.69-9,46.6,46,G,2.3
4671-1/00,Comércio atacadista de madeira e produtos derivados,46.71-1,46.7,46,G,2.3
4672-9/00,Comércio atacadista de ferragens e ferramentas,46.72-9,46.7,46,G,2.3
4673-7/00,Comércio atacadista de material elétrico,46.73-7,46.7,46,G,2.3
4674-5/00,Comércio atacadista de cimento,46.74-5,46.7,46,G,2.3
4679-6/01,"Comércio atacadista de tintas, vernizes e similares",46.79-6,46.7,46,G,2.3
4679-6/02,Comércio atacadista de mármores e granitos,46.79-6,46.7,46,G,2.3
4679-6/03,"Comércio atacadista de vidros, espelhos e vitrais",46.79-6,46.7,46,G,2.3
4679-6/04,Comércio atacadista especializado de materiais de construção não especificados anteriormente,46.79-6,46.7,46,G,2.3
4679-6/99,Comércio atacadista de materiais de construção em geral,46.79-6,46.7,46,G,2.3
4681-8/01,"Comércio atacadista de álcool carburante, biodiesel, gasolina e demais derivados de petróleo, exceto lubrificantes, não realizado por transportador retalhista (TRR)",46.81-8,46.8,46,G,2.3
4681-8/02,Comércio atacadista de combustíveis realizado por transportador retalhista (TRR),46.81-8,46.8,46,G,2.3
4681-8/03,"Comércio atacadista de combustíveis de origem vegetal, exceto álcool carburante",46.81-8,46.8,46,G,2.3
4681-8/04,Comércio atacadista de combustíveis de origem mineral em bruto,46.81-8,46.8,46,G,2.3
4681-8/05,Comércio atacadista de lubrificantes,46.81-8,46.8,46,G,2.3
4682-6/00,Comércio atacadista de gás liquefeito de petróleo (GLP),46.82-6,46.8,46,G,2.3
4683-4/00,"Comércio atacadista de defensivos agrícolas, adubos, fertilizantes e corretivos do solo",46.83-4,46.8,46,G,2.3
4684-2/01,Comércio atacadista de resinas e elastômeros,46.84-2,46.8,46,G,2.3
4684-2/02,Comércio atacadista de solventes,46.84-2,46.8,46,G,2.3
4684-2/99,Comércio atacadista de outros produtos químicos e petroquímicos não especificados anteriormente,46.84-2,46.8,46,G,2.3
4685-1/00,"Comércio atacadista de produtos siderúrgicos e metalúrgicos, exceto para construção",46.85-1,46.8,46,G,2.3
4686-9/01,Comércio atacadista de papel e papelão em bruto,46.86-9,46.8,46,G,2.3
4686-9/02,Comércio atacadista de embalagens,46.86-9,46.8,46,G,2.3
4687-7/01,Comércio atacadista de resíduos de papel e papelão,46.87-7,46.8,46,G,2.3
4687-7/02,"Comércio atacadista de resíduos e sucatas não metálicos, exceto de papel e papelão",46.87-7,46.8,46,G,2.3
4687-7/03,Comércio atacadista de resíduos e sucatas metálicos,46.87-7,46.8,46,G,2.3
4689-3/01,"Comércio atacadista de produtos da extração mineral, exceto combustíveis",46.89-3,46.8,46,G,2.3
4689-3/02,Comércio atacadista de fios e fibras beneficiados,46.89-3,46.8,46,G,2.3
4689-3/99,Comércio atacadista especializado em outros produtos intermediários não especificados anteriormente,46.89-3,46.8,46,G,2.3
4691-5/00,"Comércio atacadista de mercadorias em geral, com predominância de produtos alimentícios",46.91-5,46.9,46,G,2.3
4692-3/00,"Comércio atacadista de mercadorias em geral, com predominância de insumos agropecuários",46.92-3,46.9,46,G,2.3
4693-1/00,"Comércio atacadista de mercadorias em geral, sem predominância de alimentos ou de insumos agropecuários",46.93-1,46.9,46,G,2.3
4711-3/01,"Comércio varejista de mercadorias em geral, com predominância de produtos alimentícios - hipermercados",47.11-3,47.1,47,G,2.3
4711-3/02,"Comércio varejista de mercadorias em geral, com predominância de produtos alimentícios - supermercados",47.11-3,47.1,47,G,2.3
4712-1/00,"Comércio varejista de mercadorias em geral, com predominância de produtos alimentícios - minimercados, mercearias e armazéns",47.12-1,47.1,47,G,2.3
4713-0/02,"Lojas de variedades, exceto lojas de departamentos ou magazines",47.13-0,47.1,47,G,2.3
4713-0/04,"Lojas de departamentos ou magazines, exceto lojas francas (Duty free)",47.13-0,47.1,47,G,2.3
4713-0/05,"Lojas francas (Duty Free) de aeroportos, portos e em fronteiras terrestres",47.13-0,47.1,47,G,2.3
4721-1/02,Padaria e confeitaria com predominância de revenda,47.21-1,47.2,47,G,2.3
4721-1/03,Comércio varejista de laticínios e frios,47.21-1,47.2,47,G,2.3
4721-1/04,"Comércio varejista de doces, balas, bombons e semelhantes",47.21-1,47.2,47,G,2.3
4722-9/01,Comércio varejista de carnes - açougues,47.22-9,47.2,47,G,2.3
4722-9/02,Peixaria,47.22-9,47.2,47,G,2.3
4723-7/00,Comércio varejista de bebidas,47.23-7,47.2,47,G,2.3
4724-5/00,Comércio varejista de hortifrutigranjeiros,47.24-5,47.2,47,G,2.3
4729-6/01,Tabacaria,47.29-6,47.2,47,G,2.3
4729-6/02,Comércio varejista de mercadorias em lojas de conveniência,47.29-6,47.2,47,G,2.3
4729-6/99,Comércio varejista de produtos alimentícios em geral ou especializado em produtos alimentícios não especificados anteriormente,47.29-6,47.2,47,G,2.3
4731-8/00,Comércio varejista de combustíveis para veículos automotores,47.31-8,47.3,47,G,2.3
4732-6/00,Comércio varejista de lubrificantes,47.32-6,47.3,47,G,2.3
4741-5/00,Comércio varejista de tintas e materiais para pintura,47.41-5,47.4,47,G,2.3
4742-3/00,Comércio varejista de material elétrico,47.42-3,47.4,47,G,2.3
4743-1/00,Comércio varejista de vidros,47.43-1,47.4,47,G,2.3
4744-0/01,Comércio varejista de ferragens e ferramentas,47.44-0,47.4,47,G,2.3
4744-0/02,Comércio varejista de madeira e artefatos,47.44-0,47.4,47,G,2.3
4744-0/03,Comércio varejista de materiais hidráulicos,47.44-0,47.4,47,G,2.3
4744-0/04,"Comércio varejista de cal, areia, pedra britada, tijolos e telhas",47.44-0,47.4,47,G,2.3
4744-0/05,Comércio varejista de materiais de construção não especificados anteriormente,47.44-0,47.4,47,G,2.3
4744-0/06,Comércio varejista de pedras para revestimento,47.44-0,47.4,47,G,2.3
4744-0/99,Comércio varejista de materiais de construção em geral,47.44-0,47.4,47,G,2.3
4751-2/01,Comércio varejista especializado de equipamentos e suprimentos de informática,47.51-2,47.5,47,G,2.3
4751-2/02,Recarga de cartuchos para equipamentos de informática,47.51-2,47.5,47,G,2.3
4752-1/00,Comércio varejista especializado de equipamentos de telefonia e comunicação,47.52-1,47.5,47,G,2.3
4753-9/00,Comércio varejista especializado de eletrodomésticos e equipamentos de áudio e vídeo,47.53-9,47.5,47,G,2.3
4754-7/01,Comércio varejista de móveis,47.54-7,47.5,47,G,2.3
4754-7/02,Comércio varejista de artigos de colchoaria,47.54-7,47.5,47,G,2.3
4754-7/03,Comércio varejista de artigos de iluminação,47.54-7,47.5,47,G,2.3
4755-5/01,Comércio varejista de tecidos,47.55-5,47.5,47,G,2.3
4755-5/02,Comercio varejista de artigos de armarinho,47.55-5,47.5,47,G,2.3
4755-5/03,"Comercio varejista de artigos de cama, mesa e banho",47.55-5,47.5,47,G,2.3
4756-3/00,Comércio varejista especializado de instrumentos musicais e acessórios,47.56-3,47.5,47,G,2.3
4757-1/00,"Comércio varejista especializado de peças e acessórios para aparelhos eletroeletrônicos para uso doméstico, exceto informática e comunicação",47.57-1,47.5,47,G,2.3
4759-8/01,"Comércio varejista de artigos de tapeçaria, cortinas e persianas",47.59-8,47.5,47,G,2.3
4759-8/99,Comércio varejista de outros artigos de uso doméstico não especificados anteriormente,47.59-8,47.5,47,G,2.3
4761-0/01,Comércio varejista de livros,47.61-0,47.6,47,G,2.3
4761-0/02,Comércio varejista de jornais e revistas,47.61-0,47.6,47,G,2.3
4761-0/03,Comércio varejista de artigos de papelaria,47.61-0,47.6,47,G,2.3
4762-8/00,"Comércio varejista de discos, CDs, DVDs e fitas",47.62-8,47.6,47,G,2.3
4763-6/01,Comércio varejista de brinquedos e artigos recreativos,47.63-6,47.6,47,G,2.3
4763-6/02,Comércio varejista de artigos esportivos,47.63-6,47.6,47,G,2.3
4763-6/03,Comércio varejista de bicicletas e triciclos; peças e acessórios,47.63-6,47.6,47,G,2.3
4763-6/04,"Comércio varejista de artigos de caça, pesca e camping",47.63-6,47.6,47,G,2.3
4763-6/05,Comércio varejista de embarcações e outros veículos recreativos; peças e acessórios,47.63-6,47.6,47,G,2.3
4771-7/01,"Comércio varejista de produtos farmacêuticos, sem manipulação de fórmulas",47.71-7,47.7,47,G,2.3
4771-7/02,"Comércio varejista de produtos farmacêuticos, com manipulação de fórmulas",47.71-7,47.7,47,G,2.3
4771-7/03,Comércio varejista de produtos farmacêuticos homeopáticos,47.71-7,47.7,47,G,2.3
4771-7/04,Comércio varejista de medicamentos veterinários,47.71-7,47.7,47,G,2.3
4772-5/00,"Comércio varejista de cosméticos, produtos de perfumaria e de higiene pessoal",47.72-5,47.7,47,G,2.3
4773-3/00,Comércio varejista de artigos médicos e ortopédicos,47.73-3,47.7,47,G,2.3
4774-1/00,Comércio varejista de artigos de óptica,47.74-1,47.7,47,G,2.3
4781-4/00,Comércio varejista de artigos do vestuário e acessórios,47.81-4,47.8,47,G,2.3
4782-2/01,Comércio varejista de calçados,47.82-2,47.8,47,G,2.3
4782-2/02,Comércio varejista de artigos de viagem,47.82-2,47.8,47,G,2.3
4783-1/01,Comércio varejista de artigos de joalheria,47.83-1,47.8,47,G,2.3
4783-1/02,Comércio varejista de artigos de relojoaria,47.83-1,47.8,47,G,2.3
4784-9/00,Comércio varejista de gás liqüefeito de petróleo (GLP),47.84-9,47.8,47,G,2.3
4785-7/01,Comércio varejista de antiguidades,47.85-7,47.8,47,G,2.3
4785-7/99,Comércio varejista de outros artigos usados,47.85-7,47.8,47,G,2.3
4789-0/01,"Comércio varejista de suvenires, bijuterias e artesanatos",47.89-0,47.8,47,G,2.3
4789-0/02,Comércio varejista de plantas e flores naturais,47.89-0,47.8,47,G,2.3
4789-0/03,Comércio varejista de objetos de arte,47.89-0,47.8,47,G,2.3
4789-0/04,Comércio varejista de animais vivos e de artigos e alimentos para animais de estimação,47.89-0,47.8,47,G,2.3
4789-0/05,Comércio varejista de produtos saneantes domissanitários,47.89-0,47.8,47,G,2.3
4789-0/06,Comércio varejista de fogos de artifício e artigos pirotécnicos,47.89-0,47.8,47,G,2.3
4789-0/07,Comércio varejista de equipamentos para escritório,47.89-0,47.8,47,G,2.3
4789-0/08,Comércio varejista de artigos fotográficos e para filmagem,47.89-0,47.8,47,G,2.3
4789-0/09,Comércio varejista de armas e munições,47.89-0,47.8,47,G,2.3
4789-0/99,Comércio varejista de outros produtos não especificados anteriormente,47.89-0,47.8,47,G,2.3
4911-6/00,Transporte ferroviário de carga,49.11-6,49.1,49,H,2.3
4912-4/01,Transporte ferroviário de passageiros intermunicipal e interestadual,49.12-4,49.1,49,H,2.3
4912-4/02,Transporte ferroviário de passageiros municipal e em região metropolitana,49.12-4,49.1,49,H,2.3
4912-4/03,Transporte metroviário,49.12-4,49.1,49,H,2.3
4921-3/01,"Transporte rodoviário coletivo de passageiros, com itinerário fixo, municipal",49.21-3,49.2,49,H,2.3
4921-3/02,"Transporte rodoviário coletivo de passageiros, com itinerário fixo, intermunicipal em região metropolitana",49.21-3,49.2,49,H,2.3
4922-1/01,"Transporte rodoviário coletivo de passageiros, com itinerário fixo, intermunicipal, exceto em região metropolitana",49.22-1,49.2,49,H,2.3
4922-1/02,"Transporte rodoviário coletivo de passageiros, com itinerário fixo, interestadual",49.22-1,49.2,49,H,2.3
4922-1/03,"Transporte rodoviário coletivo de passageiros, com itinerário fixo, internacional",49.22-1,49.2,49,H,2.3
4923-0/01,Serviço de táxi,49.23-0,49.2,49,H,2.3
4923-0/02,Serviço de transporte de passageiros - locação de automóveis com motorista,49.23-0,49.2,49,H,2.3
4924-8/00,Transporte escolar,49.24-8,49.2,49,H,2.3
4929-9/01,"Transporte rodoviário coletivo de passageiros, sob regime de fretamento, municipal",49.29-9,49.2,49,H,2.3
4929-9/02,"Transporte rodoviário coletivo de passageiros, sob regime de fretamento, intermunicipal, interestadual e internacional",49.29-9,49.2,49,H,2.3
4929-9/03,"Organização de excursões em veículos rodoviários próprios, municipal",49.29-9,49.2,49,H,2.3
4929-9/04,"Organização de excursões em veículos rodoviários próprios, intermunicipal, interestadual e internacional",49.29-9,49.2,49,H,2.3
4929-9/99,Outros transportes rodoviários de passageiros não especificados anteriormente,49.29-9,49.2,49,H,2.3
4930-2/01,"Transporte rodoviário de carga, exceto produtos perigosos e mudanças, municipal",49.30-2,49.3,49,H,2.3
4930-2/02,"Transporte rodoviário de carga, exceto produtos perigosos e mudanças, intermunicipal, interestadual e internacional",49.30-2,49.3,49,H,2.3
4930-2/03,Transporte rodoviário de produtos perigosos,49.30-2,49.3,49,H,2.3
4930-2/04,Transporte rodoviário de mudanças,49.30-2,49.3,49,H,2.3
4940-0/00,Transporte dutoviário,49.40-0,49.4,49,H,2.3
4950-7/00,"Trens turísticos, teleféricos e similares",49.50-7,49.5,49,H,2.3
5011-4/01,Transporte marítimo de cabotagem - Carga,50.11-4,50.1,50,H,2.3
5011-4/02,Transporte marítimo de cabotagem - Passageiros,50.11-4,50.1,50,H,2.3
5012-2/01,Transporte marítimo de longo curso - Carga,50.12-2,50.1,50,H,2.3
5012-2/02,Transporte marítimo de longo curso - Passageiros,50.12-2,50.1,50,H,2.3
5021-1/01,"Transporte por navegação interior de carga, municipal, exceto travessia",50.21-1,50.2,50,H,2.3
5021-1/02,"Transporte por navegação interior de carga, intermunicipal, interestadual e internacional, exceto travessia",50.21-1,50.2,50,H,2.3
5022-0/01,"Transporte por navegação interior de passageiros em linhas regulares, municipal, exceto travessia",50.22-0,50.2,50,H,2.3
5022-0/02,"Transporte por navegação interior de passageiros em linhas regulares, intermunicipal, interestadual e internacional, exceto travessia",50.22-0,50.2,50,H,2.3
5030-1/01,Navegação de apoio marítimo,50.30-1,50.3,50,H,2.3
5030-1/02,Navegação de apoio portuário,50.30-1,50.3,50,H,2.3
5030-1/03,Serviço de rebocadores e empurradores,50.30-1,50.3,50,H,2.3
5091-2/01,"Transporte por navegação de travessia, municipal",50.91-2,50.9,50,H,2.3
5091-2/02,"Transporte por navegação de travessia, intermunicipal, interestadual e internacional",50.91-2,50.9,50,H,2.3
5099-8/01,Transporte aquaviário para passeios turísticos,50.99-8,50.9,50,H,2.3
5099-8/99,Outros transportes aquaviários não especificados anteriormente,50.99-8,50.9,50,H,2.3
5111-1/00,Transporte aéreo de passageiros regular,51.11-1,51.1,51,H,2.3
5112-9/01,Serviço de táxi aéreo e locação de aeronaves com tripulação,51.12-9,51.1,51,H,2.3
5112-9/99,Outros serviços de transporte aéreo de passageiros não regular,51.12-9,51.1,51,H,2.3
5120-0/00,Transporte aéreo de carga,51.20-0,51.2,51,H,2.3
5130-7/00,Transporte espacial,51.30-7,51.3,51,H,2.3
5211-7/01,Armazéns gerais - emissão de warrant,52.11-7,52.1,52,H,2.3
5211-7/02,Guarda-móveis,52.11-7,52.1,52,H,2.3
5211-7/99,"Depósitos de mercadorias para terceiros, exceto armazéns gerais e guarda-móveis",52.11-7,52.1,52,H,2.3
5212-5/00,Carga e descarga,52.12-5,52.1,52,H,2.3
5221-4/00,"Concessionárias de rodovias, pontes, túneis e serviços relacionados",52.21-4,52.2,52,H,2.3
5222-2/00,Terminais rodoviários e ferroviários,52.22-2,52.2,52,H,2.3
5223-1/00,Estacionamento de veículos,52.23-1,52.2,52,H,2.3
5229-0/01,"Serviços de apoio ao transporte por táxi, inclusive centrais de chamada",52.29-0,52.2,52,H,2.3
5229-0/02,Serviços de reboque de veículos,52.29-0,52.2,52,H,2.3
5229-0/99,Outras atividades auxiliares dos transportes terrestres não especificadas anteriormente,52.29-0,52.2,52,H,2.3
5231-1/01,Administração da infraestrutura portuária,52.31-1,52.3,52,H,2.3
5231-1/02,Atividades do Operador Portuário,52.31-1,52.3,52,H,2.3
5231-1/03,Gestão de terminais aquaviários,52.31-1,52.3,52,H,2.3
5232-0/00,Atividades de agenciamento marítimo,52.32-0,52.3,52,H,2.3
5239-7/01,Serviços de praticagem,52.39-7,52.3,52,H,2.3
5239-7/99,Atividades auxiliares dos transportes aquaviários não especificadas anteriormente,52.39-7,52.3,52,H,2.3
5240-1/01,Operação dos aeroportos e campos de aterrissagem,52.40-1,52.4,52,H,2.3
5240-1/99,"Atividades auxiliares dos transportes aéreos, exceto operação dos aeroportos e campos de aterrissagem",52.40-1,52.4,52,H,2.3
5250-8/01,Comissaria de despachos,52.50-8,52.5,52,H,2.3
5250-8/02,Atividades de despachantes aduaneiros,52.50-8,52.5,52,H,2.3
5250-8/03,"Agenciamento de cargas, exceto para o transporte marítimo",52.50-8,52.5,52,H,2.3
5250-8/04,Organização logística do transporte de carga,52.50-8,52.5,52,H,2.3
5250-8/05,Operador de transporte multimodal - OTM,52.50-8,52.5,52,H,2.3
5310-5/01,Atividades do Correio Nacional,53.10-5,53.1,53,H,2.3
5310-5/02,Atividades de franqueadas e permissionárias do Correio Nacional,53.10-5,53.1,53,H,2.3
5320-2/01,Serviços de malote não realizados pelo Correio Nacional,53.20-2,53.2,53,H,2.3
5320-2/02,Serviços de entrega rápida,53.20-2,53.2,53,H,2.3
5510-8/01,Hotéis,55.10-8,55.1,55,I,2.3
5510-8/02,Apart-hotéis,55.10-8,55.1,55,I,2.3
5510-8/03,Motéis,55.10-8,55.1,55,I,2.3
5590-6/01,"Albergues, exceto assistenciais",55.90-6,55.9,55,I,2.3
5590-6/02,Campings,55.90-6,55.9,55,I,2.3
5590-6/03,Pensões (alojamento),55.90-6,55.9,55,I,2.3
5590-6/99,Outros alojamentos não especificados anteriormente,55.90-6,55.9,55,I,2.3
5611-2/01,Restaurantes e similares,56.11-2,56.1,56,I,2.3
5611-2/03,"Lanchonetes, casas de chá, de sucos e similares",56.11-2,56.1,56,I,2.3
5611-2/04,"Bares e outros estabelecimentos especializados em servir bebidas, sem entretenimento",56.11-2,56.1,56,I,2.3
5611-2/05,"Bares e outros estabelecimentos especializados em servir bebidas, com entretenimento",56.11-2,56.1,56,I,2.3
5612-1/00,Serviços ambulantes de alimentação,56.12-1,56.1,56,I,2.3
5620-1/01,Fornecimento de alimentos preparados preponderantemente para empresas,56.20-1,56.2,56,I,2.3
5620-1/02,Serviços de alimentação para eventos e recepções - bufê,56.20-1,56.2,56,I,2.3
5620-1/03,Cantinas - serviços de alimentação privativos,56.20-1,56.2,56,I,2.3
5620-1/04,Fornecimento de alimentos preparados preponderantemente para consumo domiciliar,56.20-1,56.2,56,I,2.3
5811-5/00,Edição de livros,58.11-5,58.1,58,J,2.3
5812-3/01,Edição de jornais diários,58.12-3,58.1,58,J,2.3
5812-3/02,Edição de jornais não diários,58.12-3,58.1,58,J,2.3
5813-1/00,Edição de revistas,58.13-1,58.1,58,J,2.3
5819-1/00,"Edição de cadastros, listas e outros produtos gráficos",58.19-1,58.1,58,J,2.3
5821-2/00,Edição integrada à impressão de livros,58.21-2,58.2,58,J,2.3
5822-1/01,Edição integrada à impressão de jornais diários,58.22-1,58.2,58,J,2.3
5822-1/02,Edição integrada à impressão de jornais não diários,58.22-1,58.2,58,J,2.3
5823-9/00,Edição integrada à impressão de revistas,58.23-9,58.2,58,J,2.3
5829-8/00,"Edição integrada à impressão de cadastros, listas e outros produtos gráficos",58.29-8,58.2,58,J,2.3
5911-1/01,Estúdios cinematográficos,59.11-1,59.1,59,J,2.3
5911-1/02,Produção de filmes para publicidade,59.11-1,59.1,59,J,2.3
5911-1/99,"Atividades de produção cinematográfica, de vídeos e de programas de televisão não especificadas anteriormente",59.11-1,59.1,59,J,2.3
5912-0/01,Serviços de dublagem,59.12-0,59.1,59,J,2.3
5912-0/02,Serviços de mixagem sonora em produção audiovisual,59.12-0,59.1,59,J,2.3
5912-0/99,"Atividades de pós-produção cinematográfica, de vídeos e de programas de televisão não especificadas anteriormente",59.12-0,59.1,59,J,2.3
5913-8/00,"Distribuição cinematográfica, de vídeo e de programas de televisão",59.13-8,59.1,59,J,2.3
5914-6/00,Atividades de exibição cinematográfica,59.14-6,59.1,59,J,2.3
5920-1/00,Atividades de gravação de som e de edição de música,59.20-1,59.2,59,J,2.3
6010-1/00,Atividades de rádio,60.10-1,60.1,60,J,2.3
6021-7/00,Atividades de televisão aberta,60.21-7,60.2,60,J,2.3
6022-5/01,Programadoras,60.22-5,60.2,60,J,2.3
6022-5/02,"Atividades relacionadas à televisão por assinatura, exceto programadoras",60.22-5,60.2,60,J,2.3
6110-8/01,Serviços de telefonia fixa comutada - STFC,61.10-8,61.1,61,J,2.3
6110-8/02,Serviços de redes de transporte de telecomunicações - SRTT,61.10-8,61.1,61,J,2.3
6110-8/03,Serviços de comunicação multimídia - SCM,61.10-8,61.1,61,J,2.3
6110-8/99,Serviços de telecomunicações por fio não especificados anteriormente,61.10-8,61.1,61,J,2.3
6120-5/01,Telefonia móvel celular,61.20-5,61.2,61,J,2.3
6120-5/02,Serviço móvel especializado - SME,61.20-5,61.2,61,J,2.3
6120-5/99,Serviços de telecomunicações sem fio não especificados anteriormente,61.20-5,61.2,61,J,2.3
6130-2/00,Telecomunicações por satélite,61.30-2,61.3,61,J,2.3
6141-8/00,Operadoras de televisão por assinatura por cabo,61.41-8,61.4,61,J,2.3
6142-6/00,Operadoras de televisão por assinatura por micro-ondas,61.42-6,61.4,61,J,2.3
6143-4/00,Operadoras de televisão por assinatura por satélite,61.43-4,61.4,61,J,2.3
6190-6/01,Provedores de acesso às redes de comunicações,61.90-6,61.9,61,J,2.3
6190-6/02,Provedores de voz sobre protocolo Internet - VOIP,61.90-6,61.9,61,J,2.3
6190-6/99,Outras atividades de telecomunicações não especificadas anteriormente,61.90-6,61.9,61,J,2.3
6201-5/01,Desenvolvimento de programas de computador sob encomenda,62.01-5,62.0,62,J,2.3
6201-5/02,Web desing,62.01-5,62.0,62,J,2.3
6202-3/00,Desenvolvimento e licenciamento de programas de computador customizáveis,62.02-3,62.0,62,J,2.3
6203-1/00,Desenvolvimento e licenciamento de programas de computador não customizáveis,62.03-1,62.0,62,J,2.3
6204-0/00,Consultoria em tecnologia da informação,62.04-0,62.0,62,J,2.3
6209-1/00,"Suporte técnico, manutenção e outros serviços em tecnologia da informação",62.09-1,62.0,62,J,2.3
6311-9/00,"Tratamento de dados, provedores de serviços de aplicação e serviços de hospedagem na Internet",63.11-9,63.1,63,J,2.3
6319-4/00,"Portais, provedores de conteúdo e outros serviços de informação na Internet",63.19-4,63.1,63,J,2.3
6391-7/00,Agências de notícias,63.91-7,63.9,63,J,2.3
6399-2/00,Outras atividades de prestação de serviços de informação não especificadas anteriormente,63.99-2,63.9,63,J,2.3
6410-7/00,Banco Central,64.10-7,64.1,64,K,2.3
6421-2/00,Bancos comerciais,64.21-2,64.2,64,K,2.3
6422-1/00,"Bancos múltiplos, com carteira comercial",64.22-1,64.2,64,K,2.3
6423-9/00,Caixas econômicas,64.23-9,64.2,64,K,2.3
6424-7/01,Bancos cooperativos,64.24-7,64.2,64,K,2.3
6424-7/02,Cooperativas centrais de crédito,64.24-7,64.2,64,K,2.3
6424-7/03,Cooperativas de crédito mútuo,64.24-7,64.2,64,K,2.3
6424-7/04,Cooperativas de crédito rural,64.24-7,64.2,64,K,2.3
6431-0/00,"Bancos múltiplos, sem carteira comercial",64.31-0,64.3,64,K,2.3
6432-8/00,Bancos de investimento,64.32-8,64.3,64,K,2.3
6433-6/00,Bancos de desenvolvimento,64.33-6,64.3,64,K,2.3
6434-4/00,Agências de fomento,64.34-4,64.3,64,K,2.3
6435-2/01,Sociedades de crédito imobiliário,64.35-2,64.3,64,K,2.3
6435-2/02,Associações de poupança e empréstimo,64.35-2,64.3,64,K,2.3
6435-2/03,Companhias hipotecárias,64.35-2,64.3,64,K,2.3
6436-1/00,"Sociedades de crédito, financiamento e investimento - financeiras",64.36-1,64.3,64,K,2.3
6437-9/00,Sociedades de crédito ao microempreendedor,64.37-9,64.3,64,K,2.3
6438-7/01,Bancos de câmbio,64.38-7,64.3,64,K,2.3
6438-7/99,Outras instituições de intermediação não monetária não especificadas anteriormente,64.38-7,64.3,64,K,2.3
6440-9/00,Arrendamento mercantil,64.40-9,64.4,64,K,2.3
6450-6/00,Sociedades de capitalização,64.50-6,64.5,64,K,2.3
6461-1/00,Holdings de instituições financeiras,64.61-1,64.6,64,K,2.3
6462-0/00,Holdings de instituições não financeiras,64.62-0,64.6,64,K,2.3
6463-8/00,"Outras sociedades de participação, exceto holdings",64.63-8,64.6,64,K,2.3
6470-1/01,"Fundos de investimento, exceto previdenciários e imobiliários",64.70-1,64.7,64,K,2.3
6470-1/02,Fundos de investimento previdenciários,64.70-1,64.7,64,K,2.3
6470-1/03,Fundos de investimento imobiliários,64.70-1,64.7,64,K,2.3
6491-3/00,Sociedades de fomento mercantil - factoring,64.91-3,64.9,64,K,2.3
6492-1/00,Securitização de créditos,64.92-1,64.9,64,K,2.3
6493-0/00,Administração de consórcios para aquisição de bens e direitos,64.93-0,64.9,64,K,2.3
6499-9/01,Clubes de investimento,64.99-9,64.9,64,K,2.3
6499-9/02,Sociedades de investimento,64.99-9,64.9,64,K,2.3
6499-9/03,Fundo garantidor de crédito,64.99-9,64.9,64,K,2.3
6499-9/04,Caixas de financiamento de corporações,64.99-9,64.9,64,K,2.3
6499-9/05,Concessão de crédito pelas OSCIP,64.99-9,64.9,64,K,2.3
6499-9/99,Outras atividades de serviços financeiros não especificadas anteriormente,64.99-9,64.9,64,K,2.3
6511-1/01,Sociedade seguradora de seguros vida,65.11-1,65.1,65,K,2.3
6511-1/02,Planos de auxílio-funeral,65.11-1,65.1,65,K,2.3
6512-0/00,Sociedade seguradora de seguros não vida,65.12-0,65.1,65,K,2.3
6520-1/00,Sociedade seguradora de seguros-saúde,65.20-1,65.2,65,K,2.3
6530-8/00,Resseguros,65.30-8,65.3,65,K,2.3
6541-3/00,Previdência complementar fechada,65.41-3,65.4,65,K,2.3
6542-1/00,Previdência complementar aberta,65.42-1,65.4,65,K,2.3
6550-2/00,Planos de saúde,65.50-2,65.5,65,K,2.3
6611-8/01,Bolsa de valores,66.11-8,66.1,66,K,2.3
6611-8/02,Bolsa de mercadorias,66.11-8,66.1,66,K,2.3
6611-8/03,Bolsa de mercadorias e futuros,66.11-8,66.1,66,K,2.3
6611-8/04,Administração de mercados de balcão organizados,66.11-8,66.1,66,K,2.3
6612-6/01,Corretoras de títulos e valores mobiliários,66.12-6,66.1,66,K,2.3
6612-6/02,Distribuidoras de títulos e valores mobiliários,66.12-6,66.1,66,K,2.3
6612-6/03,Corretoras de câmbio,66.12-6,66.1,66,K,2.3
6612-6/04,Corretoras de contratos de mercadorias,66.12-6,66.1,66,K,2.3
6612-6/05,Agentes de investimentos em aplicações financeiras,66.12-6,66.1,66,K,2.3
6613-4/00,Administração de cartões de crédito,66.13-4,66.1,66,K,2.3
6619-3/01,Serviços de liquidação e custódia,66.19-3,66.1,66,K,2.3
6619-3/02,Correspondentes de instituições financeiras,66.19-3,66.1,66,K,2.3
6619-3/03,Representações de bancos estrangeiros,66.19-3,66.1,66,K,2.3
6619-3/04,Caixas eletrônicos,66.19-3,66.1,66,K,2.3
6619-3/05,Operadoras de cartões de débito,66.19-3,66.1,66,K,2.3
6619-3/99,Outras atividades auxiliares dos serviços financeiros não especificadas anteriormente,66.19-3,66.1,66,K,2.3
6621-5/01,Peritos e avaliadores de seguros,66.21-5,66.2,66,K,2.3
6621-5/02,Auditoria e consultoria atuarial,66.21-5,66.2,66,K,2.3
6622-3/00,"Corretores e agentes de seguros, de planos de previdência complementar e de saúde",66.22-3,66.2,66,K,2.3
6629-1/00,"Atividades auxiliares dos seguros, da previdência complementar e dos planos de saúde não especificadas anteriormente",66.29-1,66.2,66,K,2.3
6630-4/00,Atividades de administração de fundos por contrato ou comissão,66.30-4,66.3,66,K,2.3
6810-2/01,Compra e venda de imóveis próprios,68.10-2,68.1,68,L,2.3
6810-2/02,Aluguel de imóveis próprios,68.10-2,68.1,68,L,2.3
6810-2/03,Loteamento de imóveis próprios,68.10-2,68.1,68,L,2.3
6821-8/01,Corretagem na compra e venda e avaliação de imóveis,68.21-8,68.2,68,L,2.3
6821-8/02,Corretagem no aluguel de imóveis,68.21-8,68.2,68,L,2.3
6822-6/00,Gestão e administração da propriedade imobiliária,68.22-6,68.2,68,L,2.3
6911-7/01,Serviços advocatícios,69.11-7,69.1,69,M,2.3
6911-7/02,Atividades auxiliares da justiça,69.11-7,69.1,69,M,2.3
6911-7/03,Agente de propriedade industrial,69.11-7,69.1,69,M,2.3
6912-5/00,Cartórios,69.12-5,69.1,69,M,2.3
6920-6/01,Atividades de contabilidade,69.20-6,69.2,69,M,2.3
6920-6/02,Atividades de consultoria e auditoria contábil e tributária,69.20-6,69.2,69,M,2.3
7020-4/00,"Atividades de consultoria em gestão empresarial, exceto consultoria técnica específica",70.20-4,70.2,70,M,2.3
7111-1/00,Serviços de arquitetura,71.11-1,71.1,71,M,2.3
7112-0/00,Serviços de engenharia,71.12-0,71.1,71,M,2.3
7119-7/01,"Serviços de cartografia, topografia e geodésia",71.19-7,71.1,71,M,2.3
7119-7/02,Atividades de estudos geológicos,71.19-7,71.1,71,M,2.3
7119-7/03,Serviços de desenho técnico relacionados à arquitetura e engenharia,71.19-7,71.1,71,M,2.3
7119-7/04,Serviços de perícia técnica relacionados à segurança do trabalho,71.19-7,71.1,71,M,2.3
7119-7/99,Atividades técnicas relacionadas à engenharia e arquitetura não especificadas anteriormente,71.19-7,71.1,71,M,2.3
7120-1/00,Testes e análises técnicas,71.20-1,71.2,71,M,2.3
7210-0/00,Pesquisa e desenvolvimento experimental em ciências físicas e naturais,72.10-0,72.1,72,M,2.3
7220-7/00,Pesquisa e desenvolvimento experimental em ciências sociais e humanas,72.20-7,72.2,72,M,2.3
7311-4/00,Agências de publicidade,73.11-4,73.1,73,M,2.3
7312-2/00,"Agenciamento de espaços para publicidade, exceto em veículos de comunicação",73.12-2,73.1,73,M,2.3
7319-0/01,Criação de estandes para feiras e exposições,73.19-0,73.1,73,M,2.3
7319-0/02,Promoção de vendas,73.19-0,73.1,73,M,2.3
7319-0/03,Marketing direto,73.19-0,73.1,73,M,2.3
7319-0/04,Consultoria em publicidade,73.19-0,73.1,73,M,2.3
7319-0/99,Outras atividades de publicidade não especificadas anteriormente,73.19-0,73.1,73,M,2.3
7320-3/00,Pesquisas de mercado e de opinião pública,73.20-3,73.2,73,M,2.3
7410-2/02,Design de interiores,74.10-2,74.1,74,M,2.3
7410-2/03,Desing de produto,74.10-2,74.1,74,M,2.3
7410-2/99,Atividades de desing não especificadas anteriormente,74.10-2,74.1,74,M,2.3
7420-0/01,"Atividades de produção de fotografias, exceto aérea e submarina",74.20-0,74.2,74,M,2.3
7420-0/02,Atividades de produção de fotografias aéreas e submarinas,74.20-0,74.2,74,M,2.3
7420-0/03,Laboratórios fotográficos,74.20-0,74.2,74,M,2.3
7420-0/04,Filmagem de festas e eventos,74.20-0,74.2,74,M,2.3
7420-0/05,Serviços de microfilmagem,74.20-0,74.2,74,M,2.3
7490-1/01,"Serviços de tradução, interpretação e similares",74.90-1,74.9,74,M,2.3
7490-1/02,Escafandria e mergulho,74.90-1,74.9,74,M,2.3
7490-1/03,Serviços de agronomia e de consultoria às atividades agrícolas e pecuárias,74.90-1,74.9,74,M,2.3
7490-1/04,"Atividades de intermediação e agenciamento de serviços e negócios em geral, exceto imobiliários",74.90-1,74.9,74,M,2.3
7490-1/05,"Agenciamento de profissionais para atividades esportivas, culturais e artísticas",74.90-1,74.9,74,M,2.3
7490-1/99,"Outras atividades profissionais, científicas e técnicas não especificadas anteriormente",74.90-1,74.9,74,M,2.3
7500-1/00,Atividades veterinárias,75.00-1,75.0,75,M,2.3
7711-0/00,Locação de automóveis sem condutor,77.11-0,77.1,77,N,2.3
7719-5/01,"Locação de embarcações sem tripulação, exceto para fins
recreativos",77.19-5,77.1,77,N,2.3
7719-5/02,Locação de aeronaves sem tripulação,77.19-5,77.1,77,N,2.3
7719-5/99,"Locação de outros meios de transporte não especificados anteriormente, sem condutor",77.19-5,77.1,77,N,2.3
7721-7/00,Aluguel de equipamentos recreativos e esportivos,77.21-7,77.2,77,N,2.3
7722-5/00,"Aluguel de fitas de vídeo, DVDs e similares",77.22-5,77.2,77,N,2.3
7723-3/00,"Aluguel de objetos do vestuário, jóias e acessórios",77.23-3,77.2,77,N,2.3
7729-2/01,Aluguel de aparelhos de jogos eletrônicos,77.29-2,77.2,77,N,2.3
7729-2/02,"Aluguel de móveis, utensílios e aparelhos de uso doméstico e pessoal; instrumentos musicais",77.29-2,77.2,77,N,2.3
7729-2/03,Aluguel de material médico,77.29-2,77.2,77,N,2.3
7729-2/99,Aluguel de outros objetos pessoais e domésticos não especificados anteriormente,77.29-2,77.2,77,N,2.3
7731-4/00,Aluguel de máquinas e equipamentos agrícolas sem operador,77.31-4,77.3,77,N,2.3
7732-2/01,"Aluguel de máquinas e equipamentos para construção sem operador, exceto andaimes",77.32-2,77.3,77,N,2.3
7732-2/02,Aluguel de andaimes,77.32-2,77.3,77,N,2.3
7733-1/00,Aluguel de máquinas e equipamentos para escritório,77.33-1,77.3,77,N,2.3
7739-0/01,"Aluguel de máquinas e equipamentos para extração de minérios e petróleo, sem operador",77.39-0,77.3,77,N,2.3
7739-0/02,"Aluguel de equipamentos científicos, médicos e hospitalares, sem operador",77.39-0,77.3,77,N,2.3
7739-0/03,"Aluguel de palcos, coberturas e outras estruturas de uso temporário, exceto andaimes",77.39-0,77.3,77,N,2.3
7739-0/99,"Aluguel de outras máquinas e equipamentos comerciais e industriais não especificados anteriormente, sem operador",77.39-0,77.3,77,N,2.3
7740-3/00,Gestão de ativos intangíveis não financeiros,77.40-3,77.4,77,N,2.3
7810-8/00,Seleção e agenciamento de mão de obra,78.10-8,78.1,78,N,2.3
7820-5/00,Locação de mão de obra temporária,78.20-5,78.2,78,N,2.3
7830-2/00,Fornecimento e gestão de recursos humanos para terceiros,78.30-2,78.3,78,N,2.3
7911-2/00,Agências de viagens,79.11-2,79.1,79,N,2.3
7912-1/00,Operadores turísticos,79.12-1,79.1,79,N,2.3
7990-2/00,Serviços de reservas e outros serviços de turismo não especificados anteriormente,79.90-2,79.9,79,N,2.3
8011-1/01,Atividades de vigilância e segurança privada,80.11-1,80.1,80,N,2.3
8011-1/02,Serviços de adestramento de cães de guarda,80.11-1,80.1,80,N,2.3
8012-9/00,Atividades de transporte de valores,80.12-9,80.1,80,N,2.3
8020-0/01,Atividades de monitoramento de sistemas de segurança eletrônico,80.20-0,80.2,80,N,2.3
8020-0/02,Outras atividades de serviços de segurança,80.20-0,80.2,80,N,2.3
8030-7/00,Atividades de investigação particular,80.30-7,80.3,80,N,2.3
8111-7/00,"Serviços combinados para apoio a edifícios, exceto condomínios prediais",81.11-7,81.1,81,N,2.3
8112-5/00,Condomínios prediais,81.12-5,81.1,81,N,2.3
8121-4/00,Limpeza em prédios e em domicílios,81.21-4,81.2,81,N,2.3
8122-2/00,Imunização e controle de pragas urbanas,81.22-2,81.2,81,N,2.3
8129-0/00,Atividades de limpeza não especificadas anteriormente,81.29-0,81.2,81,N,2.3
8130-3/00,Atividades paisagísticas,81.30-3,81.3,81,N,2.3
8211-3/00,Serviços combinados de escritório e apoio administrativo,82.11-3,82.1,82,N,2.3
8219-9/01,Fotocópias,82.19-9,82.1,82,N,2.3
8219-9/99,Preparação de documentos e serviços especializados de apoio administrativo não especificados anteriormente,82.19-9,82.1,82,N,2.3
8220-2/00,Atividades de teleatendimento,82.20-2,82.2,82,N,2.3
8230-0/01,"Serviços de organização de feiras, congressos, exposições e festas",82.30-0,82.3,82,N,2.3
8230-0/02,Casas de festas e eventos,82.30-0,82.3,82,N,2.3
8291-1/00,Atividades de cobrança e informações cadastrais,82.91-1,82.9,82,N,2.3
8292-0/00,Envasamento e empacotamento sob contrato,82.92-0,82.9,82,N,2.3
8299-7/01,"Medição de consumo de energia elétrica, gás e água",82.99-7,82.9,82,N,2.3
8299-7/02,"Emissão de vales-alimentação, vales-transporte e similares",82.99-7,82.9,82,N,2.3
8299-7/03,"Serviços de gravação de carimbos, exceto confecção",82.99-7,82.9,82,N,2.3
8299-7/04,Leiloeiros independentes,82.99-7,82.9,82,N,2.3
8299-7/05,Serviços de levantamento de fundos sob contrato,82.99-7,82.9,82,N,2.3
8299-7/06,Casas lotéricas,82.99-7,82.9,82,N,2.3
8299-7/07,Salas de acesso à Internet,82.99-7,82.9,82,N,2.3
8299-7/99,Outras atividades de serviços prestados principalmente às empresas não especificadas anteriormente,82.99-7,82.9,82,N,2.3
8411-6/00,Administração pública em geral,84.11-6,84.1,84,O,2.3
8412-4/00,"Regulação das atividades de saúde, educação, serviços culturais e outros serviços sociais",84.12-4,84.1,84,O,2.3
8413-2/00,Regulação das atividades econômicas,84.13-2,84.1,84,O,2.3
8421-3/00,Relações exteriores,84.21-3,84.2,84,O,2.3
8422-1/00,Defesa,84.22-1,84.2,84,O,2.3
8423-0/00,Justiça,84.23-0,84.2,84,O,2.3
8424-8/00,Segurança e ordem pública,84.24-8,84.2,84,O,2.3
8425-6/00,Defesa Civil,84.25-6,84.2,84,O,2.3
8430-2/00,Seguridade social obrigatória,84.30-2,84.3,84,O,2.3
8511-2/00,Educação infantil - creche,85.11-2,85.1,85,P,2.3
8512-1/00,Educação infantil - pré-escola,85.12-1,85.1,85,P,2.3
8513-9/00,Ensino fundamental,85.13-9,85.1,85,P,2.3
8520-1/00,Ensino médio,85.20-1,85.2,85,P,2.3
8531-7/00,Educação superior - graduação,85.31-7,85.3,85,P,2.3
8532-5/00,Educação superior - graduação e pós-graduação,85.32-5,85.3,85,P,2.3
8533-3/00,Educação superior - pós-graduação e extensão,85.33-3,85.3,85,P,2.3
8541-4/00,Educação profissional de nível técnico,85.41-4,85.4,85,P,2.3
8542-2/00,Educação profissional de nível tecnológico,85.42-2,85.4,85,P,2.3
8550-3/01,Administração de caixas escolares,85.50-3,85.5,85,P,2.3
8550-3/02,"Atividades de apoio à educação, exceto caixas escolares",85.50-3,85.5,85,P,2.3
8591-1/00,Ensino de esportes,85.91-1,85.9,85,P,2.3
8592-9/01,Ensino de dança,85.92-9,85.9,85,P,2.3
8592-9/02,"Ensino de artes cênicas, exceto dança",85.92-9,85.9,85,P,2.3
8592-9/03,Ensino de música,85.92-9,85.9,85,P,2.3
8592-9/99,Ensino de arte e cultura não especificado anteriormente,85.92-9,85.9,85,P,2.3
8593-7/00,Ensino de idiomas,85.93-7,85.9,85,P,2.3
8599-6/01,Formação de condutores,85.99-6,85.9,85,P,2.3
8599-6/02,Cursos de pilotagem,85.99-6,85.9,85,P,2.3
8599-6/03,Treinamento em informática,85.99-6,85.9,85,P,2.3
8599-6/04,Treinamento em desenvolvimento profissional e gerencial,85.99-6,85.9,85,P,2.3
8599-6/05,Cursos preparatórios para concursos,85.99-6,85.9,85,P,2.3
8599-6/99,Outras atividades de ensino não especificadas anteriormente,85.99-6,85.9,85,P,2.3
8610-1/01,"Atividades de atendimento hospitalar, exceto pronto-socorro e unidades para atendimento a urgências",86.10-1,86.1,86,Q,2.3
8610-1/02,Atividades de atendimento em pronto-socorro e unidades hospitalares para atendimento a urgências,86.10-1,86.1,86,Q,2.3
8621-6/01,UTI móvel,86.21-6,86.2,86,Q,2.3
8621-6/02,"Serviços móveis de atendimento a urgências, exceto por UTI móvel",86.21-6,86.2,86,Q,2.3
8622-4/00,"Serviços de remoção de pacientes, exceto os serviços móveis de atendimento a urgências",86.22-4,86.2,86,Q,2.3
8630-5/01,Atividade médica ambulatorial com recursos para realização de procedimentos cirúrgicos,86.30-5,86.3,86,Q,2.3
8630-5/02,Atividade médica ambulatorial com recursos para realização de exames complementares,86.30-5,86.3,86,Q,2.3
8630-5/03,Atividade médica ambulatorial restrita a consultas,86.30-5,86.3,86,Q,2.3
8630-5/04,Atividade odontológica,86.30-5,86.3,86,Q,2.3
8630-5/06,Serviços de vacinação e imunização humana,86.30-5,86.3,86,Q,2.3
8630-5/07,Atividades de reprodução humana assistida,86.30-5,86.3,86,Q,2.3
8630-5/99,Atividades de atenção ambulatorial não especificadas anteriormente,86.30-5,86.3,86,Q,2.3
8640-2/01,Laboratórios de anatomia patológica e citológica,86.40-2,86.4,86,Q,2.3
8640-2/02,Laboratórios clínicos,86.40-2,86.4,86,Q,2.3
8640-2/03,Serviços de diálise e nefrologia,86.40-2,86.4,86,Q,2.3
8640-2/04,Serviços de tomografia,86.40-2,86.4,86,Q,2.3
8640-2/05,"Serviços de diagnóstico por imagem com uso de radiação ionizante, exceto tomografia",86.40-2,86.4,86,Q,2.3
8640-2/06,Serviços de ressonância magnética,86.40-2,86.4,86,Q,2.3
8640-2/07,"Serviços de diagnóstico por imagem sem uso de radiação ionizante, exceto ressonância magnética",86.40-2,86.4,86,Q,2.3
8640-2/08,"Serviços de diagnóstico por registro gráfico - ECG, EEG e outros exames análogos",86.40-2,86.4,86,Q,2.3
8640-2/09,Serviços de diagnóstico por métodos ópticos - endoscopia e outros exames análogos,86.40-2,86.4,86,Q,2.3
8640-2/10,Serviços de quimioterapia,86.40-2,86.4,86,Q,2.3
8640-2/11,Serviços de radioterapia,86.40-2,86.4,86,Q,2.3
8640-2/12,Serviços de hemoterapia,86.40-2,86.4,86,Q,2.3
8640-2/13,Serviços de litotripsia,86.40-2,86.4,86,Q,2.3
8640-2/14,Serviços de bancos de células e tecidos humanos,86.40-2,86.4,86,Q,2.3
8640-2/99,Atividades de serviços de complementação diagnóstica e terapêutica não especificadas anteriormente,86.40-2,86.4,86,Q,2.3
8650-0/01,Atividades de enfermagem,86.50-0,86.5,86,Q,2.3
8650-0/02,Atividades de profissionais da nutrição,86.50-0,86.5,86,Q,2.3
8650-0/03,Atividades de psicologia e psicanálise,86.50-0,86.5,86,Q,2.3
8650-0/04,Atividades de fisioterapia,86.50-0,86.5,86,Q,2.3
8650-0/05,Atividades de terapia ocupacional,86.50-0,86.5,86,Q,2.3
8650-0/06,Atividades de fonoaudiologia,86.50-0,86.5,86,Q,2.3
8650-0/07,Atividades de terapia de nutrição enteral e parenteral,86.50-0,86.5,86,Q,2.3
8650-0/99,Atividades de profissionais da área de saúde não especificadas anteriormente,86.50-0,86.5,86,Q,2.3
8660-7/00,Atividades de apoio à gestão de saúde,86.60-7,86.6,86,Q,2.3
8690-9/01,Atividades de práticas integrativas e complementares em saúde humana,86.90-9,86.9,86,Q,2.3
8690-9/02,Atividades de bancos de leite humano,86.90-9,86.9,86,Q,2.3
8690-9/03,Atividades de acupuntura,86.90-9,86.9,86,Q,2.3
8690-9/04,Atividades de podologia,86.90-9,86.9,86,Q,2.3
8690-9/99,Outras atividades de atenção à saúde humana não especificadas anteriormente,86.90-9,86.9,86,Q,2.3
8711-5/01,Clínicas e residências geriátricas,87.11-5,87.1,87,Q,2.3
8711-5/02,Instituições de longa permanência para idosos,87.11-5,87.1,87,Q,2.3
8711-5/03,"Atividades de assistência a deficientes físicos, imunodeprimidos e convalescentes",87.11-5,87.1,87,Q,2.3
8711-5/04,Centros de apoio a pacientes com câncer e com AIDS,87.11-5,87.1,87,Q,2.3
8711-5/05,Condomínios residenciais para idosos,87.11-5,87.1,87,Q,2.3
8712-3/00,Atividades de fornecimento de infraestrutura de apoio e assistência a paciente no domicílio,87.12-3,87.1,87,Q,2.3
8720-4/01,Atividades de centros de assistência psicossocial,87.20-4,87.2,87,Q,2.3
8720-4/99,"Atividades de assistência psicossocial e à saúde a portadores de distúrbios psíquicos, deficiência mental e dependência química e grupos similares não especificadas anteriormente",87.20-4,87.2,87,Q,2.3
8730-1/01,Orfanatos,87.30-1,87.3,87,Q,2.3
8730-1/02,Albergues assistenciais,87.30-1,87.3,87,Q,2.3
8730-1/99,Atividades de assistência social prestadas em residências coletivas e particulares não especificadas anteriormente,87.30-1,87.3,87,Q,2.3
8800-6/00,Serviços de assistência social sem alojamento,88.00-6,88.0,88,Q,2.3
9001-9/01,Produção teatral,90.01-9,90.0,90,R,2.3
9001-9/02,Produção musical,90.01-9,90.0,90,R,2.3
9001-9/03,Produção de espetáculos de dança,90.01-9,90.0,90,R,2.3
9001-9/04,"Produção de espetáculos circenses, de marionetes e similares",90.01-9,90.0,90,R,2.3
9001-9/05,"Produção de espetáculos de rodeios, vaquejadas e similares",90.01-9,90.0,90,R,2.3
9001-9/06,Atividades de sonorização e de iluminação,90.01-9,90.0,90,R,2.3
9001-9/99,"Artes cênicas, espetáculos e atividades complementares não especificados anteriormente",90.01-9,90.0,90,R,2.3
9002-7/01,"Atividades de artistas plásticos, jornalistas independentes e
escritores",90.02-7,90.0,90,R,2.3
9002-7/02,Restauração de obras de arte,90.02-7,90.0,90,R,2.3
9003-5/00,"Gestão de espaços para artes cênicas, espetáculos e outras atividades artísticas",90.03-5,90.0,90,R,2.3
9101-5/00,Atividades de bibliotecas e arquivos,91.01-5,91.0,91,R,2.3
9102-3/01,Atividades de museus e de exploração de lugares e prédios históricos e atrações similares,91.02-3,91.0,91,R,2.3
9102-3/02,Restauração e conservação de lugares e prédios históricos,91.02-3,91.0,91,R,2.3
9103-1/00,"Atividades de jardins botânicos, zoológicos, parques nacionais, reservas ecológicas e áreas de proteção ambiental",91.03-1,91.0,91,R,2.3
9200-3/01,Casas de bingo,92.00-3,92.0,92,R,2.3
9200-3/02,Exploração de apostas em corridas de cavalos,92.00-3,92.0,92,R,2.3
9200-3/99,Exploração de jogos de azar e apostas não especificados anteriormente,92.00-3,92.0,92,R,2.3
9311-5/00,Gestão de instalações de esportes,93.11-5,93.1,93,R,2.3
9312-3/00,"Clubes sociais, esportivos e similares",93.12-3,93.1,93,R,2.3
9313-1/00,Atividades de condicionamento físico,93.13-1,93.1,93,R,2.3
9319-1/01,Produção e promoção de eventos esportivos,93.19-1,93.1,93,R,2.3
9319-1/99,Outras atividades esportivas não especificadas anteriormente,93.19-1,93.1,93,R,2.3
9321-2/00,Parques de diversão e parques temáticos,93.21-2,93.2,93,R,2.3
9329-8/01,"Discotecas, danceterias, salões de dança e similares",93.29-8,93.2,93,R,2.3
9329-8/02,Exploração de boliches,93.29-8,93.2,93,R,2.3
9329-8/03,"Exploração de jogos de sinuca, bilhar e similares",93.29-8,93.2,93,R,2.3
9329-8/04,Exploração de jogos eletrônicos recreativos,93.29-8,93.2,93,R,2.3
9329-8/99,Outras atividades de recreação e lazer não especificadas anteriormente,93.29-8,93.2,93,R,2.3
9411-1/00,Atividades de organizações associativas patronais e empresariais,94.11-1,94.1,94,S,2.3
9412-0/01,Atividades de fiscalização profissional,94.12-0,94.1,94,S,2.3
9412-0/99,Outras atividades associativas profissionais,94.12-0,94.1,94,S,2.3
9420-1/00,Atividades de organizações sindicais,94.20-1,94.2,94,S,2.3
9430-8/00,Atividades de associações de defesa de direitos sociais,94.30-8,94.3,94,S,2.3
9491-0/00,Atividades de organizações religiosas ou filosóficas,94.91-0,94.9,94,S,2.3
9492-8/00,Atividades de organizações políticas,94.92-8,94.9,94,S,2.3
9493-6/00,Atividades de organizações associativas ligadas à cultura e à arte,94.93-6,94.9,94,S,2.3
9499-5/00,Atividades associativas não especificadas anteriormente,94.99-5,94.9,94,S,2.3
9511-8/00,Reparação e manutenção de computadores e de equipamentos periféricos,95.11-8,95.1,95,S,2.3
9512-6/00,Reparação e manutenção de equipamentos de comunicação,95.12-6,95.1,95,S,2.3
9521-5/00,Reparação e manutenção de equipamentos eletroeletrônicos de uso pessoal e doméstico,95.21-5,95.2,95,S,2.3
9529-1/01,"Reparação de calçados, bolsas e artigos de viagem",95.29-1,95.2,95,S,2.3
9529-1/02,Chaveiros,95.29-1,95.2,95,S,2.3
9529-1/03,Reparação de relógios,95.29-1,95.2,95,S,2.3
9529-1/04,"Reparação de bicicletas, triciclos e outros veículos não motorizados",95.29-1,95.2,95,S,2.3
9529-1/05,Reparação de artigos do mobiliário,95.29-1,95.2,95,S,2.3
9529-1/06,Reparação de jóias,95.29-1,95.2,95,S,2.3
9529-1/99,Reparação e manutenção de outros objetos e equipamentos pessoais e domésticos não especificados anteriormente,95.29-1,95.2,95,S,2.3
9601-7/01,Lavanderias,96.01-7,96.0,96,S,2.3
9601-7/02,Tinturarias,96.01-7,96.0,96,S,2.3
9601-7/03,Toalheiros,96.01-7,96.0,96,S,2.3
9602-5/01,"Cabeleireiros, manicure e pedicure",96.02-5,96.0,96,S,2.3
9602-5/02,Atividades de estética e outros serviços de cuidados com a beleza,96.02-5,96.0,96,S,2.3
9603-3/01,Gestão e manutenção de cemitérios,96.03-3,96.0,96,S,2.3
9603-3/02,Serviços de cremação,96.03-3,96.0,96,S,2.3
9603-3/03,Serviços de sepultamento,96.03-3,96.0,96,S,2.3
9603-3/04,Serviços de funerárias,96.03-3,96.0,96,S,2.3
9603-3/05,Serviços de somatoconservação,96.03-3,96.0,96,S,2.3
9603-3/99,Atividades funerárias e serviços relacionados não especificados anteriormente,96.03-3,96.0,96,S,2.3
9609-2/02,Agências matrimoniais,96.09-2,96.0,96,S,2.3
9609-2/04,Exploração de máquinas de serviços pessoais acionadas por moeda,96.09-2,96.0,96,S,2.3
9609-2/05,Atividades de sauna e banhos,96.09-2,96.0,96,S,2.3
9609-2/06,Serviços de tatuagem e colocação de piercing,96.09-2,96.0,96,S,2.3
9609-2/07,Alojamento de animais domésticos,96.09-2,96.0,96,S,2.3
9609-2/08,Higiene e embelezamento de animais domésticos,96.09-2,96.0,96,S,2.3
9609-2/99,Outras atividades de serviços pessoais não especificadas anteriormente,96.09-2,96.0,96,S,2.3
9700-5/00,Serviços domésticos,97.00-5,97.0,97,T,2.3
